CREATE TABLE IF NOT EXISTS events (
    `id` VARCHAR(255) PRIMARY KEY,
    `title` VARCHAR(255),
    `description` VARCHAR(1024),
    `user_id` VARCHAR(255),
    `location` JSON,
    `date` DATETIME,
    `heure` TIME,
    `created_at` DATETIME,
    `updated_at` DATETIME
) DEFAULT CHARSET=utf8mb4_general_cli;

INSERT INTO events VALUES
    ('0447ff47-e257-4bfc-b1a6-913a2c6cbd79','Princess Ka''iulani','In sagittis dui vel nisl. Duis ac nibh. Fusce lacus purus, aliquet at, feugiat non, pretium quis, lectus.','/users/adcac5ad-206a-449c-8f40-aacb32750c47','{"name":"Zoombox","latitude":117.9483319,"longitude":-8.3501717}','2021-07-02 00:00:00','12:35','2021-09-07 11:18:26','2021-05-13 10:26:33'),
    ('e04cc94c-77a7-4671-8e52-34eb1d781d57','Dr. Dolittle','Integer pede justo, lacinia eget, tincidunt eget, tempus vel, pede. Morbi porttitor lorem id ligula. Suspendisse ornare consequat lectus. In est risus, auctor sed, tristique in, tempus sitet, sem. Fusce consequat. Nulla nisl. Nunc nisl. Duis bibendum, felis sed interdum venenatis, turpis enim blandit mi, in porttitor pede justo eu massa. Donec dapibus.','/users/73beeb05-f733-4a1b-b425-dc82c2bce9ae','{"name":"Photofeed","latitude":-43.2521507,"longitude":-14.1500098}','2021-12-11 00:00:00','7:58','2021-06-27 22:55:30','2022-02-04 18:08:10'),
    ('2988b9d5-6472-4aa3-ac62-109df8f05952','Desert Heat (Inferno)','Vivamus vel nulla eget eros elementum pellentesque.','/users/267a6554-7543-4139-87da-294fbbf5bf9d','{"name":"Yombu","latitude":112.814502,"longitude":22.122658}','2021-09-27 00:00:00','12:12','2021-05-12 05:02:22','2021-04-03 11:49:37'),
    ('e95302fb-a2b9-4602-8f45-f5ad0da0c76f','Investigating Sex (a.k.a. Intimate Affairs)','Quisque id justo sitet sapien dignissim vestibulum.','/users/f117f001-79a9-436f-a15f-aee5b93918ae','{"name":"Shuffledrive","latitude":84.2733064,"longitude":49.7260952}','2021-09-19 00:00:00','4:44','2021-08-09 12:34:51','2021-09-17 10:54:00'),
    ('4b2cd4db-5a15-4a2b-90a8-716a589844d1','Arn: The Kingdom at Road''s End (Arn: Riket vid vägens slut)','Pellentesque eget nunc.','/users/0d520adf-0435-46a6-a95d-5ccd31952de8','{"name":"Tazzy","latitude":-79.8779499,"longitude":44.7515479}','2022-03-11 00:00:00','4:55','2021-08-31 14:44:21','2021-03-28 20:16:42'),
    ('aeeb1261-8aa2-43a1-9bfc-f02eda403d69','Room 666 (Chambre 666)','Nulla neque libero, convallis eget, eleifend luctus, ultricies eu, nibh. Quisque id justo sitet sapien dignissim vestibulum. Vestibulum ante ipsum primis in faucibus orci luctus et ultrices posuere cubilia Curae; Nulla dapibus dolor vel est. Donec odio justo, sollicitudin ut, suscipit a, feugiat et, eros. Vestibulum ac est lacinia nisi venenatis tristique. Fusce congue, diam id ornare imperdiet, sapien urna pretium nisl, ut volutpat sapien arcu sed augue. Aliquam erat volutpat. In congue.','/users/eb80929f-59d0-4adf-8501-a27054b3253e','{"name":"Gabtune","latitude":89.499642,"longitude":29.137138}','2021-07-20 00:00:00','1:25','2021-09-26 05:45:10','2021-08-21 11:29:31'),
    ('fb9a222c-0e90-42ba-a697-fefbccc53b5c','To Be and to Have (Être et avoir)','In eleifend quam a odio. In hac habitasse platea dictumst. Maecenas ut massa quis augue luctus tincidunt. Nulla mollis molestie lorem. Quisque ut erat. Curabitur gravida nisi at nibh. In hac habitasse platea dictumst. Aliquam augue quam, sollicitudin vitae, consectetuer eget, rutrum at, lorem. Integer tincidunt ante vel ipsum.','/users/17d409bc-b52d-4c6f-805b-dbd016774dc6','{"name":"Jaxbean","latitude":-105.943638,"longitude":35.683952}','2021-06-15 00:00:00','8:29','2021-05-10 10:56:36','2021-04-17 19:47:14'),
    ('59b69d44-42aa-4b33-9ea0-fd60fe6bc364','Bandits','Phasellus id sapien in sapien iaculis congue. Vivamus metus arcu, adipiscing molestie, hendrerit at, vulputate vitae, nisl. Aenean lectus. Pellentesque eget nunc. Donec quis orci eget orci vehicula condimentum. Curabitur in libero ut massa volutpat convallis. Morbi odio odio, elementum eu, interdum eu, tincidunt in, leo. Maecenas pulvinar lobortis est. Phasellus sitet erat.','/users/2be3aaea-8b3e-4d9c-ad0a-7bc8a85b6419','{"name":"Vipe","latitude":101.6454408,"longitude":3.0968502}','2021-12-05 00:00:00','10:28','2022-01-22 09:20:28','2022-03-02 18:24:48'),
    ('9284a9d3-52fc-4886-8828-023c2c10f856','Wild Tigers I Have Known','Morbi vel lectus in quam fringilla rhoncus. Mauris enim leo, rhoncus sed, vestibulum sitet, cursus id, turpis. Integer aliquet, massa id lobortis convallis, tortor risus dapibus augue, vel accumsan tellus nisi eu orci. Mauris lacinia sapien quis libero. Nullam sitet turpis elementum ligula vehicula consequat. Morbi a ipsum. Integer a nibh. In quis justo. Maecenas rhoncus aliquam lacus. Morbi quis tortor id nulla ultrices aliquet.','/users/8a7db89b-555b-4695-9d95-3bdbb431a9e1','{"name":"Twitterwire","latitude":22.3433482,"longitude":48.6541216}','2021-09-05 00:00:00','4:12','2021-06-09 19:05:34','2021-06-02 11:35:57'),
    ('1c99a293-9a6c-40b2-a079-9019e91f8a8b','Mighty Ducks, The','In hac habitasse platea dictumst. Maecenas ut massa quis augue luctus tincidunt.','/users/15a480fc-b604-46e4-88e5-026e2115a562','{"name":"Blogtags","latitude":10.0919243,"longitude":35.6759137}','2021-07-12 00:00:00','6:54','2021-06-20 15:31:29','2021-10-22 12:42:48'),
    ('ac16cdb1-901e-4853-a3bb-09fd0285cf28','Spacehunter: Adventures in the Forbidden Zone','Etiam justo. Etiam pretium iaculis justo. In hac habitasse platea dictumst. Etiam faucibus cursus urna. Ut tellus. Nulla ut erat id mauris vulputate elementum.','/users/8bd0eee2-970b-4052-b066-b2d7a87dbe6a','{"name":"Talane","latitude":-8.129315,"longitude":41.5725857}','2022-02-11 00:00:00','10:05','2021-07-02 15:16:38','2021-08-02 23:21:28'),
    ('bbf1023a-d150-4f38-bf45-191f491d8073','Man Who Planted Trees, The (Homme qui plantait des arbres, L'')','Proin eu mi. Nulla ac enim. In tempor, turpis nec euismod scelerisque, quam turpis adipiscing lorem, vitae mattis nibh ligula nec sem. Duis aliquam convallis nunc. Proin at turpis a pede posuere nonummy. Integer non velit. Donec diam neque, vestibulum eget, vulputate ut, ultrices vel, augue. Vestibulum ante ipsum primis in faucibus orci luctus et ultrices posuere cubilia Curae; Donec pharetra, magna vestibulum aliquet ultrices, erat tortor sollicitudin mi, sitet lobortis sapien sapien non mi.','/users/e24511c0-4a0d-4702-86ae-d66d520d5d45','{"name":"Pixoboo","latitude":-7.3141388,"longitude":41.0640191}','2021-04-30 00:00:00','11:33','2021-07-13 02:01:06','2021-04-11 02:25:41'),
    ('9ced8e17-c705-47c1-a0d4-5bd2585fa7cc','Jaws 2','Quisque erat eros, viverra eget, congue eget, semper rutrum, nulla. Nunc purus. Phasellus in felis. Donec semper sapien a libero. Nam dui. Proin leo odio, porttitor id, consequat in, consequat ut, nulla.','/users/d793efd6-0d57-4afb-a2e5-5c3094e1990d','{"name":"Minyx","latitude":22.7599084,"longitude":37.9761732}','2021-09-02 00:00:00','2:31','2021-05-11 21:12:22','2021-08-07 19:33:25'),
    ('6487195d-6ca5-4e42-9e79-6e06899bf55b','American Dream','Integer ac leo. Pellentesque ultrices mattis odio. Donec vitae nisi. Nam ultrices, libero non mattis pulvinar, nulla pede ullamcorper augue, a suscipit nulla elit ac nulla. Sed vel enim sitet nunc viverra dapibus. Nulla suscipit ligula in lacus.','/users/3d831a07-1ae8-4b42-a624-462d416c8488','{"name":"Reallinks","latitude":-1.695391,"longitude":48.120484}','2021-07-21 00:00:00','8:15','2021-07-01 10:10:22','2021-04-06 02:41:35'),
    ('d5085326-ed91-4ae3-9421-fd3b45a3d4f4','22 Jump Street','Maecenas tristique, est et tempus semper, est quam pharetra magna, ac consequat metus sapien ut nunc. Vestibulum ante ipsum primis in faucibus orci luctus et ultrices posuere cubilia Curae; Mauris viverra diam vitae quam. Suspendisse potenti. Nullam porttitor lacus at turpis. Donec posuere metus vitae ipsum.','/users/a3cd8eb9-c0b0-4483-a14e-ed56140dc63e','{"name":"Flashspan","latitude":-36.4797126,"longitude":-5.1942574}','2022-01-08 00:00:00','11:14','2021-12-22 02:27:07','2021-08-04 19:39:33'),
    ('7b7f4f80-ee81-4ec7-8f26-e48657a42f84','Deeper Shade of Blue, A','Duis bibendum, felis sed interdum venenatis, turpis enim blandit mi, in porttitor pede justo eu massa. Donec dapibus. Duis at velit eu est congue elementum.','/users/3e320c45-f770-4f93-af94-a7efc29210c9','{"name":"Tanoodle","latitude":13.6587955,"longitude":58.6429512}','2021-04-26 00:00:00','9:05','2021-03-27 20:00:49','2021-09-02 10:42:08'),
    ('0f8b6cbe-a912-4410-9009-75543133a9c4','Orders to Kill','Maecenas leo odio, condimentum id, luctus nec, molestie sed, justo. Pellentesque viverra pede ac diam. Cras pellentesque volutpat dui. Maecenas tristique, est et tempus semper, est quam pharetra magna, ac consequat metus sapien ut nunc. Vestibulum ante ipsum primis in faucibus orci luctus et ultrices posuere cubilia Curae; Mauris viverra diam vitae quam. Suspendisse potenti. Nullam porttitor lacus at turpis. Donec posuere metus vitae ipsum. Aliquam non mauris.','/users/7ca6f84c-a9bd-4219-8aae-a28c358bfa92','{"name":"Realcube","latitude":112.305145,"longitude":22.183206}','2021-08-14 00:00:00','4:28','2022-01-11 22:23:56','2021-08-13 04:50:21'),
    ('238bc285-9c03-43fe-9d15-e9870f507336','While the City Sleeps','Ut tellus. Nulla ut erat id mauris vulputate elementum. Nullam varius. Nulla facilisi. Cras non velit nec nisi vulputate nonummy. Maecenas tincidunt lacus at velit. Vivamus vel nulla eget eros elementum pellentesque. Quisque porta volutpat erat.','/users/7d501fb6-beb2-4fac-90a5-4819a5324a3e','{"name":"Rhycero","latitude":-40.9990597,"longitude":-20.9829904}','2021-11-27 00:00:00','2:30','2022-01-14 08:03:43','2021-10-31 10:30:59'),
    ('1590272b-2f38-4d59-9f49-fe0dde3e2ea1','Wagons East','Vestibulum ac est lacinia nisi venenatis tristique. Fusce congue, diam id ornare imperdiet, sapien urna pretium nisl, ut volutpat sapien arcu sed augue. Aliquam erat volutpat. In congue. Etiam justo.','/users/60b83325-7647-4466-9024-370083cccdc2','{"name":"Livetube","latitude":102.405819,"longitude":24.168957}','2021-09-11 00:00:00','9:28','2022-01-06 14:30:04','2021-10-02 07:27:53'),
    ('59d41132-b443-46eb-bb0f-0da3a9e216ac','Tucker: The Man and His Dream','Aliquam augue quam, sollicitudin vitae, consectetuer eget, rutrum at, lorem. Integer tincidunt ante vel ipsum. Praesent blandit lacinia erat. Vestibulum sed magna at nunc commodo placerat. Praesent blandit. Nam nulla. Integer pede justo, lacinia eget, tincidunt eget, tempus vel, pede. Morbi porttitor lorem id ligula. Suspendisse ornare consequat lectus.','/users/60b83325-7647-4466-9024-370083cccdc2','{"name":"Midel","latitude":37.7673912,"longitude":55.5807611}','2021-12-25 00:00:00','7:47','2021-07-25 13:23:30','2021-06-01 03:10:01'),
    ('c91fd437-d692-4d7b-8b9a-19b5bed54a42','Bloody Murder','Mauris enim leo, rhoncus sed, vestibulum sitet, cursus id, turpis. Integer aliquet, massa id lobortis convallis, tortor risus dapibus augue, vel accumsan tellus nisi eu orci. Mauris lacinia sapien quis libero. Nullam sitet turpis elementum ligula vehicula consequat. Morbi a ipsum. Integer a nibh. In quis justo. Maecenas rhoncus aliquam lacus. Morbi quis tortor id nulla ultrices aliquet. Maecenas leo odio, condimentum id, luctus nec, molestie sed, justo.','/users/a45aa879-6190-4ba7-a7f5-a6bd57a8bcfa','{"name":"Vitz","latitude":18.1278226,"longitude":50.0281297}','2022-01-30 00:00:00','8:23','2022-02-15 18:17:44','2021-05-10 05:57:17'),
    ('9ae2a8f2-ab61-476c-9452-e83b10285b78','Dancers','In congue. Etiam justo.','/users/d9322ef3-b278-478c-bc67-60705853d426','{"name":"Blogspan","latitude":21.8727139,"longitude":49.935213}','2022-02-07 00:00:00','12:41','2021-10-01 13:22:53','2021-06-05 07:56:15'),
    ('bf8bad28-adb8-4f8c-ad04-d6537018780a','5,000 Fingers of Dr. T, The','Vivamus vel nulla eget eros elementum pellentesque. Quisque porta volutpat erat. Quisque erat eros, viverra eget, congue eget, semper rutrum, nulla. Nunc purus. Phasellus in felis. Donec semper sapien a libero. Nam dui. Proin leo odio, porttitor id, consequat in, consequat ut, nulla.','/users/7ca6f84c-a9bd-4219-8aae-a28c358bfa92','{"name":"Pixoboo","latitude":-122.3385759,"longitude":47.6025001}','2021-05-24 00:00:00','5:54','2021-11-03 05:37:23','2021-04-09 09:10:08'),
    ('c392f44d-a8cd-4db4-9941-1dcff28de066','Frankie and Johnny','Integer pede justo, lacinia eget, tincidunt eget, tempus vel, pede. Morbi porttitor lorem id ligula. Suspendisse ornare consequat lectus. In est risus, auctor sed, tristique in, tempus sitet, sem. Fusce consequat. Nulla nisl. Nunc nisl. Duis bibendum, felis sed interdum venenatis, turpis enim blandit mi, in porttitor pede justo eu massa.','/users/4d08c958-4ff2-4c9e-9def-be876a9a2b56','{"name":"Flashpoint","latitude":-67.4695307,"longitude":7.8806888}','2022-03-16 00:00:00','3:28','2021-12-02 06:40:04','2022-01-17 20:48:52'),
    ('5ba7bb12-b4d8-4af0-a9ca-c45537e4bae6','Salvatore Giuliano','Suspendisse potenti.','/users/44e9e17c-f285-4d80-bb5a-59f6ef63fb42','{"name":"Linkbridge","latitude":30.4461356,"longitude":60.2474501}','2021-04-16 00:00:00','4:50','2021-08-06 17:26:02','2021-08-26 06:05:15'),
    ('abb18196-937c-483a-a7c5-f77337c14f8b','King Kong Escapes (Kingu Kongu no gyakushû)','Integer aliquet, massa id lobortis convallis, tortor risus dapibus augue, vel accumsan tellus nisi eu orci.','/users/2d430ed2-c559-4255-8d40-39642d3655c4','{"name":"Realmix","latitude":59.129251,"longitude":56.4428126}','2022-02-12 00:00:00','10:19','2021-11-08 10:17:55','2021-11-10 10:32:59'),
    ('f52e8a88-92ad-49b6-90c5-b4dafcd79572','Brainstorm','Quisque porta volutpat erat. Quisque erat eros, viverra eget, congue eget, semper rutrum, nulla.','/users/ef23d960-d18a-49af-a67f-b70216de3bfb','{"name":"Photobug","latitude":112.6109257,"longitude":-8.2151612}','2021-03-28 00:00:00','9:48','2021-05-19 12:49:18','2021-05-09 04:37:02'),
    ('3650cbf7-27c2-402a-9e55-9a9af0cabf9d','Year of the Dragon','Duis consequat dui nec nisi volutpat eleifend. Donec ut dolor. Morbi vel lectus in quam fringilla rhoncus. Mauris enim leo, rhoncus sed, vestibulum sitet, cursus id, turpis. Integer aliquet, massa id lobortis convallis, tortor risus dapibus augue, vel accumsan tellus nisi eu orci. Mauris lacinia sapien quis libero. Nullam sitet turpis elementum ligula vehicula consequat.','/users/9c6eded4-1167-4c35-8aa5-5fff14f98324','{"name":"Demimbu","latitude":123.449929,"longitude":13.034203}','2021-05-26 00:00:00','12:54','2021-11-09 20:56:57','2021-09-21 10:52:51'),
    ('66b30478-5dc7-4f08-abda-e3509f1d4392','Maniac','Donec posuere metus vitae ipsum. Aliquam non mauris. Morbi non lectus. Aliquam sitet diam in magna bibendum imperdiet. Nullam orci pede, venenatis non, sodales sed, tincidunt eu, felis. Fusce posuere felis sed lacus. Morbi sem mauris, laoreet ut, rhoncus aliquet, pulvinar sed, nisl.','/users/89f0a05e-3ef6-4baa-9e03-4e7ffad7e0e3','{"name":"Rooxo","latitude":16.1955511,"longitude":58.9867399}','2022-03-01 00:00:00','12:12','2021-07-12 02:55:40','2021-06-14 14:56:44'),
    ('5ec1d23c-5e1b-4f7b-bf72-5681373c8814','Footloose','In hac habitasse platea dictumst. Morbi vestibulum, velit id pretium iaculis, diam erat fermentum justo, nec condimentum neque sapien placerat ante.','/users/d3c56a43-7875-49a3-9dec-d2d0fe9fd34d','{"name":"Mynte","latitude":123.247589,"longitude":9.2901323}','2021-11-14 00:00:00','8:14','2021-07-12 10:57:16','2022-03-09 02:54:57'),
    ('495daecf-ec34-4b7b-ae4a-e3bd63792123','Deep Water','Phasellus in felis. Donec semper sapien a libero. Nam dui. Proin leo odio, porttitor id, consequat in, consequat ut, nulla.','/users/ba4035dd-75bd-4b18-b519-a6477b62c52f','{"name":"Mycat","latitude":120.114738,"longitude":33.907654}','2021-05-04 00:00:00','4:07','2021-09-14 13:19:29','2021-03-29 05:19:33'),
    ('0e37cc70-1961-452a-bb0f-84585d6c12dc','Two English Girls (Les deux anglaises et le continent)','Curabitur convallis. Duis consequat dui nec nisi volutpat eleifend. Donec ut dolor.','/users/54f75e91-1483-4cea-8b34-60e3349f5df0','{"name":"Demizz","latitude":-58.5278307,"longitude":-34.6104702}','2021-08-05 00:00:00','4:36','2022-02-21 08:41:49','2021-06-06 21:12:35'),
    ('7e8a5f48-e36c-4c52-b2b2-2cbdc0aeafed','Brooklyn Rules','Curabitur at ipsum ac tellus semper interdum.','/users/b275461f-dc90-4ca5-9872-c8414d85f84a','{"name":"Shufflester","latitude":115.579308,"longitude":37.550856}','2021-12-20 00:00:00','10:42','2021-08-30 22:18:23','2022-02-21 22:20:54'),
    ('695c1232-329d-4436-b9d0-55d4ab8e7d89','Patience (After Sebald)','Nullam sitet turpis elementum ligula vehicula consequat. Morbi a ipsum.','/users/e790a3ef-8cb4-4ca5-a945-be62cba13b1a','{"name":"Voomm","latitude":123.8132141,"longitude":-10.0999445}','2021-11-20 00:00:00','5:51','2021-07-07 23:14:22','2021-10-02 11:57:24'),
    ('64b95171-2f95-4dca-8668-96685f11ae51','Iceman, The','Integer aliquet, massa id lobortis convallis, tortor risus dapibus augue, vel accumsan tellus nisi eu orci. Mauris lacinia sapien quis libero. Nullam sitet turpis elementum ligula vehicula consequat. Morbi a ipsum. Integer a nibh.','/users/1ec957c3-c266-456a-bffa-f74df6d9f166','{"name":"Photospace","latitude":101.6716295,"longitude":3.2093353}','2021-06-14 00:00:00','12:18','2021-10-06 23:35:14','2021-04-07 21:40:59'),
    ('3ce7487d-d660-418d-aa42-b23f248eb77a','Bus Stop','Donec ut dolor. Morbi vel lectus in quam fringilla rhoncus. Mauris enim leo, rhoncus sed, vestibulum sitet, cursus id, turpis.','/users/d243f359-2bb0-441f-b3fa-60735763336d','{"name":"Jetpulse","latitude":86.574067,"longitude":42.059759}','2021-10-29 00:00:00','11:18','2021-08-08 02:12:53','2021-12-15 15:25:16'),
    ('af3c3aa4-2fa1-48cd-9844-e1adc1e434d5','Blood Games ','Nulla ut erat id mauris vulputate elementum. Nullam varius. Nulla facilisi. Cras non velit nec nisi vulputate nonummy. Maecenas tincidunt lacus at velit. Vivamus vel nulla eget eros elementum pellentesque. Quisque porta volutpat erat. Quisque erat eros, viverra eget, congue eget, semper rutrum, nulla. Nunc purus. Phasellus in felis.','/users/e8cc5764-af5a-4c60-a43a-ab6435b254d2','{"name":"Browseblab","latitude":125.5633316,"longitude":6.4758334}','2021-05-24 00:00:00','5:18','2022-03-13 20:21:50','2021-07-09 14:47:18'),
    ('5d08b2ca-ba56-49c7-b701-11393cfddadd','Missionary Man','Nulla neque libero, convallis eget, eleifend luctus, ultricies eu, nibh. Quisque id justo sitet sapien dignissim vestibulum. Vestibulum ante ipsum primis in faucibus orci luctus et ultrices posuere cubilia Curae; Nulla dapibus dolor vel est. Donec odio justo, sollicitudin ut, suscipit a, feugiat et, eros. Vestibulum ac est lacinia nisi venenatis tristique.','/users/de71116f-3ba5-412c-bbc4-fd951867ddee','{"name":"Livepath","latitude":7.1301012,"longitude":51.2034374}','2021-07-04 00:00:00','11:17','2022-01-18 20:14:05','2021-07-27 13:14:42'),
    ('3012806e-24bd-4e57-99f7-ece95d6db6e6','Redwood Highway','Integer a nibh. In quis justo. Maecenas rhoncus aliquam lacus. Morbi quis tortor id nulla ultrices aliquet. Maecenas leo odio, condimentum id, luctus nec, molestie sed, justo. Pellentesque viverra pede ac diam. Cras pellentesque volutpat dui. Maecenas tristique, est et tempus semper, est quam pharetra magna, ac consequat metus sapien ut nunc. Vestibulum ante ipsum primis in faucibus orci luctus et ultrices posuere cubilia Curae; Mauris viverra diam vitae quam.','/users/70e6ffe9-dae5-4a73-9f78-3f621704ce52','{"name":"Abata","latitude":139.747389,"longitude":37.5568153}','2021-05-26 00:00:00','5:21','2021-11-09 15:18:36','2021-08-28 21:18:57'),
    ('943dc7f8-ee9b-48c1-9296-86b9a74d5852','Rendezvous','Nunc nisl. Duis bibendum, felis sed interdum venenatis, turpis enim blandit mi, in porttitor pede justo eu massa. Donec dapibus. Duis at velit eu est congue elementum. In hac habitasse platea dictumst. Morbi vestibulum, velit id pretium iaculis, diam erat fermentum justo, nec condimentum neque sapien placerat ante. Nulla justo. Aliquam quis turpis eget elit sodales scelerisque. Mauris sitet eros. Suspendisse accumsan tortor quis turpis.','/users/898f20c4-710d-4508-9129-af7a975572ae','{"name":"Wordify","latitude":-57.6258993,"longitude":-37.9707308}','2022-02-22 00:00:00','8:29','2021-04-10 06:11:14','2022-01-16 01:57:16'),
    ('9c7c865f-e1ad-4829-a523-dcca102dc1d9','Intruder, The','Vestibulum sed magna at nunc commodo placerat. Praesent blandit. Nam nulla.','/users/2d430ed2-c559-4255-8d40-39642d3655c4','{"name":"Bluejam","latitude":110.722523,"longitude":40.991594}','2022-01-08 00:00:00','6:37','2021-09-15 17:14:50','2022-02-15 04:24:43'),
    ('ac1ce5f5-b942-4c44-b689-3d545f1f0f5c','Flame and Citron (Flammen & Citronen)','Aliquam augue quam, sollicitudin vitae, consectetuer eget, rutrum at, lorem. Integer tincidunt ante vel ipsum. Praesent blandit lacinia erat. Vestibulum sed magna at nunc commodo placerat. Praesent blandit. Nam nulla.','/users/05edf56d-9436-45e9-8e23-6c9aad24ed07','{"name":"Myworks","latitude":-67.2412221,"longitude":45.9891389}','2022-03-16 00:00:00','9:38','2022-02-23 01:33:39','2021-04-05 13:28:29'),
    ('2ff0bc1a-e79b-4e84-acff-c9d62eb80656','Kim','In sagittis dui vel nisl. Duis ac nibh.','/users/9c9109a3-b8d5-4b38-850e-696537f41602','{"name":"Browseblab","latitude":17.93378,"longitude":51.42582}','2021-10-17 00:00:00','11:23','2021-08-20 11:32:06','2022-03-14 10:01:39'),
    ('68cc79b3-1c65-4a06-99e1-149db4ee4d04','Midnight Movies: From the Margin to the Mainstream','Proin risus. Praesent lectus. Vestibulum quam sapien, varius ut, blandit non, interdum in, ante. Vestibulum ante ipsum primis in faucibus orci luctus et ultrices posuere cubilia Curae; Duis faucibus accumsan odio.','/users/203d90cd-ca30-4dbf-93a6-401528be7eb1','{"name":"Meemm","latitude":-122.55,"longitude":38.02}','2021-07-23 00:00:00','4:08','2021-08-05 15:54:35','2022-02-17 11:48:27'),
    ('86287938-cb26-4a34-8ab4-bc0e3e4221ed','Nymphomaniac: Volume II','Proin interdum mauris non ligula pellentesque ultrices. Phasellus id sapien in sapien iaculis congue. Vivamus metus arcu, adipiscing molestie, hendrerit at, vulputate vitae, nisl. Aenean lectus.','/users/d793efd6-0d57-4afb-a2e5-5c3094e1990d','{"name":"Oyoyo","latitude":33.6422932,"longitude":-9.2263237}','2021-11-02 00:00:00','10:52','2021-05-09 20:22:57','2022-01-23 03:11:31'),
    ('7be3efde-34b1-4cc8-a52f-1429bdee413b','Scarface','Nulla mollis molestie lorem. Quisque ut erat. Curabitur gravida nisi at nibh. In hac habitasse platea dictumst. Aliquam augue quam, sollicitudin vitae, consectetuer eget, rutrum at, lorem. Integer tincidunt ante vel ipsum. Praesent blandit lacinia erat.','/users/fd9cde67-805c-4116-8e1a-69d1dfc47768','{"name":"Skinte","latitude":144.962411,"longitude":-37.713929}','2021-07-16 00:00:00','9:41','2021-09-20 00:29:27','2022-02-05 01:53:43'),
    ('db2dba7a-4da7-48fe-9ab8-4f47e0ee7b9a','Dragon Ball Z the Movie: The World''s Strongest (a.k.a. Dragon Ball Z: The Strongest Guy in The World) (Doragon bôru Z: Kono yo de ichiban tsuyoi yatsu)','Sed vel enim sitet nunc viverra dapibus.','/users/15a480fc-b604-46e4-88e5-026e2115a562','{"name":"Yodo","latitude":80.621591,"longitude":28.685244}','2021-03-23 00:00:00','3:41','2021-08-21 02:17:54','2021-09-13 16:17:24'),
    ('67bfbf6f-5d4e-46d0-8606-2a8de39428f6','Sharpe''s Battle','Duis ac nibh. Fusce lacus purus, aliquet at, feugiat non, pretium quis, lectus. Suspendisse potenti.','/users/9eadcf9e-f445-4f0b-bbfa-b276811e7541','{"name":"Tagopia","latitude":119.2271,"longitude":-9.4542}','2022-01-26 00:00:00','11:57','2021-06-15 02:17:20','2021-09-02 16:35:06'),
    ('f61960c7-9817-4bc4-a02a-43af3ebb3d41','Practical Magic','Maecenas pulvinar lobortis est. Phasellus sitet erat. Nulla tempus. Vivamus in felis eu sapien cursus vestibulum. Proin eu mi. Nulla ac enim. In tempor, turpis nec euismod scelerisque, quam turpis adipiscing lorem, vitae mattis nibh ligula nec sem. Duis aliquam convallis nunc.','/users/0df8298e-d97e-4861-8175-065a1913110b','{"name":"Twinder","latitude":100.9484493,"longitude":6.6238674}','2021-06-26 00:00:00','10:32','2021-11-05 14:47:04','2021-08-05 06:30:52'),
    ('d3eb7ca9-dee6-40d5-b9e3-1e44be28aa2a','Me You Them (Eu, Tu, Eles)','Integer a nibh. In quis justo. Maecenas rhoncus aliquam lacus.','/users/23453e64-0020-4ff9-aad8-9ecdfcdde068','{"name":"Gabtune","latitude":123.6604152,"longitude":7.929855}','2021-10-30 00:00:00','12:40','2021-03-24 23:31:22','2021-05-17 09:12:26');


CREATE TABLE IF NOT EXISTS members (
    `id` VARCHAR(255) PRIMARY KEY,
    `user_id` VARCHAR(255),
    `event_id` VARCHAR(255),
    `pseudo` VARCHAR(255),
    `created_at` DATETIME,
    `updated_at` DATETIME,
    FOREIGN KEY (`event_id`) REFERENCES `events`(`id`) ON DELETE CASCADE ON UPDATE CASCADE
);
INSERT INTO members VALUES
    ('5b666552-d8ab-41c6-ad7c-7c421c342d5b','/users/96271e4b-bd96-4d25-b9ac-efcfa4cd173e','abb18196-937c-483a-a7c5-f77337c14f8b','wmose0','2021-08-24 19:42:07','2021-05-29 02:31:14'),
    ('49d7352c-6977-48cd-9c14-8d7ef83f7101',NULL,'238bc285-9c03-43fe-9d15-e9870f507336','jaldersea1','2021-07-09 22:30:00','2021-08-06 11:53:50'),
    ('bb70a9de-f377-4787-aa2a-6cc7e7549ec4',NULL,'3012806e-24bd-4e57-99f7-ece95d6db6e6','cakess2','2022-02-17 00:45:17','2021-08-11 01:35:49'),
    ('c946a3bc-b0dc-42f1-bcba-5618c1f8eab7','/users/203d90cd-ca30-4dbf-93a6-401528be7eb1','f52e8a88-92ad-49b6-90c5-b4dafcd79572','cdmtrovic3','2021-05-17 06:04:05','2022-01-12 18:11:14'),
    ('68618e51-6ae4-4b84-8014-9525a52c4876','/users/4641eb42-811c-420e-9f71-68bddd6b84cb','1c99a293-9a6c-40b2-a079-9019e91f8a8b','hcosley4','2022-01-25 05:38:58','2021-06-29 18:44:30'),
    ('00ff2bb1-fd5d-4ed1-b0f8-89a4f3b4c232','/users/898f20c4-710d-4508-9129-af7a975572ae','db2dba7a-4da7-48fe-9ab8-4f47e0ee7b9a','gredsull5','2022-01-22 01:50:03','2021-09-11 06:14:31'),
    ('c960ccb0-77c4-41b8-96cb-f2bdb05c66d4','/users/3a84f156-578f-4dab-a00f-f6df9a58c3dc','3650cbf7-27c2-402a-9e55-9a9af0cabf9d','afalconbridge6','2021-12-25 02:33:59','2021-11-21 11:27:42'),
    ('d9f5268f-7774-430d-a3f5-81a62632d64a',NULL,'1c99a293-9a6c-40b2-a079-9019e91f8a8b','fmewett7','2021-09-18 01:51:47','2022-01-21 04:55:05'),
    ('d6b58778-82cf-4d08-bd8c-cbbec3986685','/users/d9322ef3-b278-478c-bc67-60705853d426','aeeb1261-8aa2-43a1-9bfc-f02eda403d69','labdie8','2021-11-07 01:15:36','2021-12-07 14:36:50'),
    ('7926646f-b479-4416-9c0a-b180357b99ae','/users/e9351fda-08c5-4357-a70a-27fcadbc76e9','67bfbf6f-5d4e-46d0-8606-2a8de39428f6','apetchey9','2021-04-28 00:09:14','2021-05-24 23:58:09'),
    ('aea9557a-c084-4dc7-abff-e755d6bbe45f','/users/d793efd6-0d57-4afb-a2e5-5c3094e1990d','1c99a293-9a6c-40b2-a079-9019e91f8a8b','lbicknella','2021-06-24 06:52:21','2021-11-16 23:14:30'),
    ('ad99ef2e-b239-4355-9c59-842c8cee042a',NULL,'db2dba7a-4da7-48fe-9ab8-4f47e0ee7b9a','dstonhamb','2022-01-23 14:51:32','2021-11-15 07:47:42'),
    ('ed9c713c-d42c-48c3-9571-249b79ab7698','/users/0d520adf-0435-46a6-a95d-5ccd31952de8','59d41132-b443-46eb-bb0f-0da3a9e216ac','joverlandc','2021-05-14 03:22:20','2021-08-12 16:31:49'),
    ('07429603-c1ba-4d33-bde1-858c4b634145','/users/adcac5ad-206a-449c-8f40-aacb32750c47','7be3efde-34b1-4cc8-a52f-1429bdee413b','ntomkinsond','2021-04-09 11:16:54','2021-04-03 12:30:22'),
    ('10377985-e1a0-47df-b7f6-543217b0df44',NULL,'9c7c865f-e1ad-4829-a523-dcca102dc1d9','famyese','2021-09-27 05:03:32','2021-06-12 05:28:01'),
    ('1f6ad9e7-4378-49ee-836a-75ccc06e4add',NULL,'7e8a5f48-e36c-4c52-b2b2-2cbdc0aeafed','cungerechtf','2021-06-26 16:22:19','2021-11-01 19:28:20'),
    ('228902af-a3fa-4c17-8ad7-333b46fb4d4f',NULL,'238bc285-9c03-43fe-9d15-e9870f507336','gdwaneg','2021-12-24 03:35:42','2022-01-16 16:32:06'),
    ('8ea93b60-0531-4cca-a7c1-1207140bc30c','/users/15a480fc-b604-46e4-88e5-026e2115a562','0f8b6cbe-a912-4410-9009-75543133a9c4','mvynollh','2021-12-28 08:13:51','2022-01-23 19:06:34'),
    ('b791f1fc-9ad3-4570-8b01-8e1586ac4e75',NULL,'7b7f4f80-ee81-4ec7-8f26-e48657a42f84','ckelfi','2021-05-06 05:30:04','2021-04-28 23:47:54'),
    ('154a9325-72dd-4a8b-98bb-06c2681781a3',NULL,'238bc285-9c03-43fe-9d15-e9870f507336','atomczykowskij','2021-05-12 04:09:21','2022-02-01 19:07:19'),
    ('64080a28-4bbb-407a-acf4-07017c3ec88b','/users/0c8116da-d8d4-4b09-9ebc-7f4785f5d4e6','3ce7487d-d660-418d-aa42-b23f248eb77a','amcfaddenk','2021-05-20 07:03:47','2021-12-29 01:44:47'),
    ('76a79f9c-a15f-48d9-8751-cedd2bb9c6e4',NULL,'9ae2a8f2-ab61-476c-9452-e83b10285b78','epettsl','2021-12-31 02:20:32','2021-09-27 00:36:43'),
    ('9a715068-bf27-467b-b291-0148b40fd70a','/users/898f20c4-710d-4508-9129-af7a975572ae','7be3efde-34b1-4cc8-a52f-1429bdee413b','ijanatam','2022-01-24 01:17:29','2021-11-15 17:16:47'),
    ('5356dbd6-f0e7-468a-b1c9-e56c28f7d223',NULL,'af3c3aa4-2fa1-48cd-9844-e1adc1e434d5','jrosternn','2022-02-09 00:13:39','2021-10-08 14:09:04'),
    ('f12b5395-9f2c-4c9c-a5f1-50549341226f',NULL,'86287938-cb26-4a34-8ab4-bc0e3e4221ed','gmacauleyo','2021-05-23 02:09:28','2021-04-10 23:40:32'),
    ('f6a35b75-569e-4b81-b424-3d29196b99c6',NULL,'0e37cc70-1961-452a-bb0f-84585d6c12dc','bsmalridgep','2021-12-22 22:59:29','2022-01-14 18:03:38'),
    ('44cd4a5f-e607-4636-b56f-fe970dd01063',NULL,'0f8b6cbe-a912-4410-9009-75543133a9c4','fheinreichq','2022-03-10 07:29:12','2021-09-26 03:00:41'),
    ('edeeb3da-d81a-43f2-a311-6797a414732e',NULL,'bf8bad28-adb8-4f8c-ad04-d6537018780a','jniccolsr','2021-08-09 09:42:38','2021-06-05 07:58:21'),
    ('6fce731d-b79d-418c-8689-2a79b21efe27','/users/6c35ce92-7f47-4c04-80b5-ceecaba6580e','67bfbf6f-5d4e-46d0-8606-2a8de39428f6','dgullifords','2021-04-27 00:36:43','2021-09-16 10:35:04'),
    ('988f9950-6e27-4ef6-bdb1-fedcbe574b52','/users/5ed2060c-ad97-4dcd-bb28-db95e60af7b8','3650cbf7-27c2-402a-9e55-9a9af0cabf9d','gcockmant','2021-10-18 02:40:03','2021-08-07 05:57:33'),
    ('ab27e936-324c-44ea-a54c-74c05b484168',NULL,'3012806e-24bd-4e57-99f7-ece95d6db6e6','sfraschettiu','2021-04-11 19:39:33','2021-05-31 02:26:11'),
    ('e2c39742-288e-4045-af54-86b8a95f292b',NULL,'2988b9d5-6472-4aa3-ac62-109df8f05952','nshewenv','2021-07-22 08:42:54','2021-11-23 08:26:00'),
    ('844b2e9a-5416-4875-a69b-e1269a4def67',NULL,'d3eb7ca9-dee6-40d5-b9e3-1e44be28aa2a','jmcgralew','2021-09-06 08:33:51','2021-08-23 04:32:15'),
    ('64ced4a1-0b93-458e-a5ef-fbdb1318b228','/users/5ed2060c-ad97-4dcd-bb28-db95e60af7b8','5ba7bb12-b4d8-4af0-a9ca-c45537e4bae6','rveckx','2021-09-07 07:00:21','2021-08-10 03:37:49'),
    ('314fc1b2-a413-481e-b570-c9c2c52e9e07','/users/9c2eca18-28ba-4c36-90c7-f0cb1d5e122b','1590272b-2f38-4d59-9f49-fe0dde3e2ea1','hmerwoody','2021-08-04 01:16:08','2021-12-16 10:01:06'),
    ('7eb27a4d-9c0c-4a71-96cb-fe0d7d69dcef',NULL,'4b2cd4db-5a15-4a2b-90a8-716a589844d1','cdacostaz','2021-03-21 05:49:38','2021-07-16 16:13:45'),
    ('dcef140e-e766-4097-95f3-076e85421932',NULL,'7be3efde-34b1-4cc8-a52f-1429bdee413b','triquet10','2022-03-16 23:40:48','2022-01-16 17:50:13'),
    ('7fe7fac9-7acd-4536-8ee8-52e8888731cf',NULL,'3012806e-24bd-4e57-99f7-ece95d6db6e6','ikarpushkin11','2021-07-13 12:27:53','2021-06-13 20:16:35'),
    ('1214db4d-2296-4c83-9785-36ebd9d89d4f','/users/7d501fb6-beb2-4fac-90a5-4819a5324a3e','5ec1d23c-5e1b-4f7b-bf72-5681373c8814','glanigan12','2021-08-23 08:08:01','2021-05-18 22:22:37'),
    ('c47ccbb4-2ce0-4541-b240-fa3e4f836c2a',NULL,'238bc285-9c03-43fe-9d15-e9870f507336','jridd13','2021-09-18 05:19:03','2022-02-13 00:05:19'),
    ('6da7e20a-3e72-4c06-9385-57a398150d30','/users/c08c608f-f31a-423f-b6cc-1a72426f59c7','2ff0bc1a-e79b-4e84-acff-c9d62eb80656','uodevey14','2021-04-12 11:30:55','2022-03-08 12:39:56'),
    ('b2cd2b75-4fe2-460b-989f-14ba799f5462',NULL,'3ce7487d-d660-418d-aa42-b23f248eb77a','scornfoot15','2021-04-15 12:47:31','2022-03-06 10:23:07'),
    ('ca6faf36-8695-4d89-957b-91cd2fd03850','/users/60b83325-7647-4466-9024-370083cccdc2','abb18196-937c-483a-a7c5-f77337c14f8b','tstraker16','2021-10-05 23:35:42','2021-12-09 05:57:40'),
    ('1a2ea6e5-fb55-4582-9ff2-93f67fc09d91',NULL,'bf8bad28-adb8-4f8c-ad04-d6537018780a','mdemalchar17','2021-12-07 13:44:36','2022-03-11 21:38:27'),
    ('31dd4535-7e98-417d-80ca-f436104d841d',NULL,'ac16cdb1-901e-4853-a3bb-09fd0285cf28','esillars18','2021-12-25 16:00:29','2021-09-24 07:35:06'),
    ('a7143a06-2075-490c-954b-8080e77b8d9e','/users/60b83325-7647-4466-9024-370083cccdc2','ac16cdb1-901e-4853-a3bb-09fd0285cf28','arimmer19','2022-02-10 07:54:51','2021-09-06 01:56:32'),
    ('7bf69c64-9b49-4742-8919-9a29d946f8d2',NULL,'1c99a293-9a6c-40b2-a079-9019e91f8a8b','jmaccarrick1a','2021-08-14 13:26:32','2021-11-22 05:15:45'),
    ('b1858803-2305-47f4-be67-1efc10a91da7',NULL,'3650cbf7-27c2-402a-9e55-9a9af0cabf9d','ieyrl1b','2021-03-22 00:03:42','2021-08-03 20:06:30'),
    ('b2eac0de-4384-41c9-b803-bf07e00af9f5','/users/3d831a07-1ae8-4b42-a624-462d416c8488','9284a9d3-52fc-4886-8828-023c2c10f856','knaisbit1c','2021-06-11 09:42:41','2021-04-23 07:48:50'),
    ('f29dab02-dc2a-4d09-bfb3-5b9aa46e6edf','/users/4d08c958-4ff2-4c9e-9def-be876a9a2b56','9284a9d3-52fc-4886-8828-023c2c10f856','nbinham1d','2022-01-27 09:15:07','2021-09-27 00:38:40'),
    ('48cd92d9-6409-412e-a9ab-d4851d10169a',NULL,'c392f44d-a8cd-4db4-9941-1dcff28de066','ssheehan1e','2021-10-11 12:33:21','2022-01-30 02:10:38'),
    ('9a979c4c-b79b-435f-9176-18945fb3b42d',NULL,'2988b9d5-6472-4aa3-ac62-109df8f05952','askettles1f','2021-05-30 07:53:47','2022-01-02 17:21:43'),
    ('7d3ee899-a40d-4054-9e20-615474aa06ec','/users/c0f2efd3-99f2-47bd-961d-8df23986632a','f52e8a88-92ad-49b6-90c5-b4dafcd79572','fsantus1g','2022-02-07 01:20:22','2021-07-16 12:10:59'),
    ('366b82d4-dbbc-4eab-93d2-c5f1d96dea11',NULL,'4b2cd4db-5a15-4a2b-90a8-716a589844d1','alevesque1h','2021-03-22 02:20:29','2021-10-23 09:54:17'),
    ('bcec57ca-3c40-43d6-be87-0fe1aae1a1bf','/users/e34e9619-32ea-4552-8bfe-8c9febe8a5e9','fb9a222c-0e90-42ba-a697-fefbccc53b5c','wickovits1i','2021-11-01 00:07:24','2021-05-13 20:17:00'),
    ('9d7761ea-17a7-483b-b0c5-ff740cfc74c1',NULL,'abb18196-937c-483a-a7c5-f77337c14f8b','mmitchell1j','2021-09-02 04:55:10','2021-03-25 17:32:27'),
    ('33732ec8-d255-40b3-bde0-fa30c63fde2a',NULL,'e04cc94c-77a7-4671-8e52-34eb1d781d57','mmingotti1k','2022-02-08 06:13:43','2021-09-04 07:33:20'),
    ('7164404a-2fdc-4d04-8060-28b5c88779c7','/users/0d520adf-0435-46a6-a95d-5ccd31952de8','fb9a222c-0e90-42ba-a697-fefbccc53b5c','daubrun1l','2021-10-27 01:59:50','2022-01-05 03:42:20'),
    ('b02678f5-4aa6-4e1e-b5a6-8b6875aa509f','/users/3e320c45-f770-4f93-af94-a7efc29210c9','2988b9d5-6472-4aa3-ac62-109df8f05952','hbarton1m','2021-11-30 16:00:22','2021-07-18 22:47:53'),
    ('833929ab-d758-42c0-85aa-daf54e0f9366',NULL,'ac1ce5f5-b942-4c44-b689-3d545f1f0f5c','aties1n','2021-04-19 20:10:19','2021-10-04 19:45:31'),
    ('dde4e029-02eb-4139-8e67-7486b36c4410',NULL,'68cc79b3-1c65-4a06-99e1-149db4ee4d04','sbordes1o','2021-12-20 09:01:17','2021-08-20 11:48:29'),
    ('0ef1f7a8-f059-44e6-a1bf-4ff8a9c31c16','/users/213bcf99-fda8-4d6c-9107-e0548ab0a236','af3c3aa4-2fa1-48cd-9844-e1adc1e434d5','uspoor1p','2021-10-04 04:24:27','2021-05-01 20:28:24'),
    ('a1a39434-91b7-41ef-930b-082cea8ceffe',NULL,'59d41132-b443-46eb-bb0f-0da3a9e216ac','rwinthrop1q','2021-06-21 22:18:05','2021-09-17 10:45:12'),
    ('9e4d10e4-a788-4dfb-aa7d-b75bd193c29a','/users/d793efd6-0d57-4afb-a2e5-5c3094e1990d','86287938-cb26-4a34-8ab4-bc0e3e4221ed','sjoe1r','2021-11-19 10:38:31','2021-11-27 18:43:33'),
    ('afcdfb56-1c7c-4cb8-acbc-524b53aa8ab0','/users/c08c608f-f31a-423f-b6cc-1a72426f59c7','e04cc94c-77a7-4671-8e52-34eb1d781d57','plabeuil1s','2021-07-09 11:35:54','2021-04-27 21:26:07'),
    ('b675c298-6a59-401b-8ee0-8e0653c9189f','/users/fe368f1a-041f-41ef-96ce-d2e2735ed8be','ac16cdb1-901e-4853-a3bb-09fd0285cf28','sarson1t','2022-03-13 22:24:15','2021-07-24 17:05:29'),
    ('d0198016-7bb6-40be-ad3f-16d28f1af30d','/users/9eadcf9e-f445-4f0b-bbfa-b276811e7541','5ba7bb12-b4d8-4af0-a9ca-c45537e4bae6','hcastagnet1u','2021-10-28 00:58:46','2021-05-15 06:52:44'),
    ('3496f039-db88-4905-b697-04664598d7d1','/users/9c2eca18-28ba-4c36-90c7-f0cb1d5e122b','0e37cc70-1961-452a-bb0f-84585d6c12dc','ecattell1v','2021-04-28 21:07:49','2021-11-17 21:48:21'),
    ('419deb18-6212-4bb9-8c47-f2fcb50c18c1','/users/c0f2efd3-99f2-47bd-961d-8df23986632a','66b30478-5dc7-4f08-abda-e3509f1d4392','tacton1w','2021-03-27 19:45:16','2021-05-29 03:07:10'),
    ('3c8c7139-9e1a-4b72-b3d6-6f1eaae8b5f2',NULL,'7be3efde-34b1-4cc8-a52f-1429bdee413b','cpardon1x','2021-09-25 11:52:57','2021-09-21 07:21:00'),
    ('1075e76d-763d-4a49-8782-93b90000ad31',NULL,'64b95171-2f95-4dca-8668-96685f11ae51','adoogue1y','2021-04-11 07:00:20','2021-05-15 11:48:50'),
    ('15d6c920-ac00-48a0-804a-a120d3053b35',NULL,'d3eb7ca9-dee6-40d5-b9e3-1e44be28aa2a','gadamides1z','2021-12-26 07:12:42','2021-05-15 12:44:41'),
    ('d37ede2e-ab17-454f-8727-a0b52d4bab82',NULL,'5ec1d23c-5e1b-4f7b-bf72-5681373c8814','hmacalister20','2021-05-05 23:40:36','2021-03-31 21:56:05'),
    ('6ca9271b-4ca0-48f7-8c9f-19854045927a',NULL,'9ced8e17-c705-47c1-a0d4-5bd2585fa7cc','nmacronald21','2021-09-21 09:14:56','2021-07-25 02:15:00'),
    ('844da0c8-ce4c-4058-935e-b33dd4ee0dca',NULL,'66b30478-5dc7-4f08-abda-e3509f1d4392','ggarrique22','2021-05-01 15:01:59','2021-07-22 00:56:15'),
    ('31ded9c2-8789-42e7-a963-bbd2b26980fa','/users/d9322ef3-b278-478c-bc67-60705853d426','0f8b6cbe-a912-4410-9009-75543133a9c4','dtinghill23','2021-07-13 18:56:46','2021-10-14 01:01:03'),
    ('7f1fac27-ad23-4c29-bd8b-3bf39fea8a01',NULL,'1c99a293-9a6c-40b2-a079-9019e91f8a8b','hknibb24','2021-10-11 11:25:28','2022-01-07 01:50:45'),
    ('3c63487b-101e-430d-a564-b87a2a7791e1',NULL,'59d41132-b443-46eb-bb0f-0da3a9e216ac','cwalles25','2021-11-16 05:54:01','2021-09-13 10:05:39'),
    ('79255e4e-c705-4ab9-bdc3-3b3afcddbd62','/users/1482349e-a6a4-4102-bfb2-44d974bf134c','86287938-cb26-4a34-8ab4-bc0e3e4221ed','lcarbry26','2022-01-15 21:39:27','2021-08-02 11:46:16'),
    ('3e34094d-17bc-4000-9433-6cebe970b480',NULL,'d5085326-ed91-4ae3-9421-fd3b45a3d4f4','jplumm27','2022-01-15 04:06:29','2021-07-06 16:25:56'),
    ('4b17f831-eb11-4eb8-b931-66eb0a86ba6c',NULL,'68cc79b3-1c65-4a06-99e1-149db4ee4d04','ggammie28','2022-03-05 16:49:29','2021-09-29 20:20:48'),
    ('57e6301d-f222-4767-9c31-a7688423b4c9','/users/d9322ef3-b278-478c-bc67-60705853d426','5ec1d23c-5e1b-4f7b-bf72-5681373c8814','tlembke29','2022-03-04 19:57:38','2022-01-04 23:11:29'),
    ('373fe851-8ad4-42f8-94a2-f498301684ba',NULL,'238bc285-9c03-43fe-9d15-e9870f507336','srubie2a','2021-08-03 03:00:50','2021-08-05 23:57:38'),
    ('7c8236f6-16f7-4322-bb71-c2cde9c4bee4','/users/c54b8e38-e972-4115-844c-31efe7b0438a','db2dba7a-4da7-48fe-9ab8-4f47e0ee7b9a','blanda2b','2021-06-14 07:59:19','2021-10-29 08:23:50'),
    ('03cdb72b-67a2-4ddd-a07d-61e613ec4daf','/users/84670dee-05bd-4ab0-9825-550b515eeaab','2988b9d5-6472-4aa3-ac62-109df8f05952','tmaccambridge2c','2021-09-21 14:09:39','2021-05-27 00:23:19'),
    ('36d08860-20fe-4819-8f68-fd4f5af2ba2d','/users/adcac5ad-206a-449c-8f40-aacb32750c47','9ced8e17-c705-47c1-a0d4-5bd2585fa7cc','cmacpharlain2d','2021-05-09 23:02:49','2021-06-03 01:34:17'),
    ('9461ae54-dd1e-4875-a443-e406184b4054','/users/1482349e-a6a4-4102-bfb2-44d974bf134c','238bc285-9c03-43fe-9d15-e9870f507336','dmort2e','2021-11-29 05:05:07','2022-02-25 22:59:23'),
    ('1190e0fc-524f-4c32-a087-4bed56091978',NULL,'64b95171-2f95-4dca-8668-96685f11ae51','tughini2f','2022-02-21 13:57:42','2022-02-28 03:34:59'),
    ('81411042-ae09-47f1-a96c-e3a872b2d0ef',NULL,'4b2cd4db-5a15-4a2b-90a8-716a589844d1','dsigmund2g','2021-04-17 23:32:21','2021-09-18 02:19:55'),
    ('75aee298-89d1-4eed-9d65-487e52514ced',NULL,'5d08b2ca-ba56-49c7-b701-11393cfddadd','vbranchflower2h','2021-12-21 21:03:48','2021-10-18 16:46:42'),
    ('3a455971-ecad-4fd6-aba0-78e8ea005f52',NULL,'2ff0bc1a-e79b-4e84-acff-c9d62eb80656','jgillingham2i','2021-09-27 04:00:18','2022-02-13 11:26:25'),
    ('f7beb32d-b167-4e89-8b8b-f2d224b66b14','/users/4dfbb3eb-3f45-4cb7-9566-81e737dea855','59d41132-b443-46eb-bb0f-0da3a9e216ac','nvobes2j','2021-10-30 20:27:47','2021-12-10 22:38:56'),
    ('f8314783-867b-429e-b6e7-77d846fcd7f8','/users/24d0ec04-edd2-4c12-b847-b96c3696bc89','5ba7bb12-b4d8-4af0-a9ca-c45537e4bae6','cflower2k','2021-06-03 19:29:06','2021-04-19 02:54:03'),
    ('5445afc0-397d-41d8-8caf-db714ebdb306','/users/59e3a45d-4af8-4d0d-baa1-e8a8e7fbe0ea','7b7f4f80-ee81-4ec7-8f26-e48657a42f84','cjeune2l','2021-12-14 23:26:31','2022-01-21 05:18:56'),
    ('f377662a-9d55-4c88-b8a1-2334fd9bba48','/users/3d831a07-1ae8-4b42-a624-462d416c8488','9284a9d3-52fc-4886-8828-023c2c10f856','afinnick2m','2021-04-08 05:13:22','2021-04-06 19:54:05'),
    ('07b4d988-be3c-438a-abec-5743c8778845','/users/31f5a55d-1518-4e82-9cfe-00d189816b62','5ba7bb12-b4d8-4af0-a9ca-c45537e4bae6','raggus2n','2022-03-12 12:40:13','2021-12-27 12:03:34'),
    ('f33d43ec-ee7d-4341-9cb2-34fc6c6997c3',NULL,'e95302fb-a2b9-4602-8f45-f5ad0da0c76f','cscotting2o','2021-05-16 13:10:57','2021-10-17 15:42:37'),
    ('2c217c03-f183-48f5-b7f4-a243af6a10a3',NULL,'9c7c865f-e1ad-4829-a523-dcca102dc1d9','bcoe2p','2021-10-30 05:52:43','2022-02-08 05:39:29'),
    ('f31e1418-3719-4728-9af5-1a7c5a660e39','/users/24d0ec04-edd2-4c12-b847-b96c3696bc89','0e37cc70-1961-452a-bb0f-84585d6c12dc','dbruna2q','2021-06-04 03:26:21','2022-02-20 15:40:27'),
    ('bf40ea90-e512-49cc-951a-8ea57dd7e6e8',NULL,'3650cbf7-27c2-402a-9e55-9a9af0cabf9d','fwarman2r','2021-08-13 16:59:41','2021-07-03 06:34:25');


CREATE TABLE IF NOT EXISTS messages (
    `id` VARCHAR(255) PRIMARY KEY,
    `content` VARCHAR(1024),
    `member_id` VARCHAR(255),
    `event_id` VARCHAR(255),
    `media` JSON,
    `created_at` DATETIME,
    `updated_at` DATETIME,
    FOREIGN KEY (`event_id`) REFERENCES `events`(`id`) ON DELETE CASCADE ON UPDATE CASCADE,
    FOREIGN KEY (`member_id`) REFERENCES `members`(`id`) ON DELETE CASCADE ON UPDATE CASCADE
);
INSERT INTO messages VALUES
    ('a1ee6624-01b7-4c5d-8628-450e43a4378e','Mauris enim leo, rhoncus sed, vestibulum sit amet, cursus id, turpis. Integer aliquet, massa id lobortis convallis, tortor risus dapibus augue, vel accumsan tellus nisi eu orci. Mauris lacinia sapien quis libero.','7c8236f6-16f7-4322-bb71-c2cde9c4bee4','e95302fb-a2b9-4602-8f45-f5ad0da0c76f','{"img":"http://dummyimage.com/122x100.png/cc0000/ffffff","link":"http://dummyimage.com/249x100.png/5fa2dd/ffffff"}','2021-12-29 04:52:29','2021-12-03 00:52:25'),
    ('474e0465-424b-46b2-b4a7-83e0e84a8e1d','Vestibulum quam sapien, varius ut, blandit non, interdum in, ante. Vestibulum ante ipsum primis in faucibus orci luctus et ultrices posuere cubilia Curae; Duis faucibus accumsan odio. Curabitur convallis. Duis consequat dui nec nisi volutpat eleifend.','6fce731d-b79d-418c-8689-2a79b21efe27','0f8b6cbe-a912-4410-9009-75543133a9c4','{"img":"http://dummyimage.com/122x100.png/cc0000/ffffff","link":"http://dummyimage.com/249x100.png/5fa2dd/ffffff"}','2022-02-27 03:25:53','2021-07-22 18:09:22'),
    ('b1a62a3c-9fb3-4d35-bbf0-b23d674f74de','Aenean auctor gravida sem. Praesent id massa id nisl venenatis lacinia. Aenean sit amet justo. Morbi ut odio. Cras mi pede, malesuada in, imperdiet et, commodo vulputate, justo.','00ff2bb1-fd5d-4ed1-b0f8-89a4f3b4c232','2988b9d5-6472-4aa3-ac62-109df8f05952','{"img":"http://dummyimage.com/122x100.png/cc0000/ffffff","link":"http://dummyimage.com/249x100.png/5fa2dd/ffffff"}','2021-09-03 06:58:07','2021-04-04 12:39:12'),
    ('a652730b-7be5-4aa9-bf36-e440dd7ad487','Quisque porta volutpat erat. Quisque erat eros, viverra eget, congue eget, semper rutrum, nulla. Nunc purus. Phasellus in felis. Donec semper sapien a libero.','7d3ee899-a40d-4054-9e20-615474aa06ec','aeeb1261-8aa2-43a1-9bfc-f02eda403d69','{"img":"http://dummyimage.com/122x100.png/cc0000/ffffff","link":"http://dummyimage.com/249x100.png/5fa2dd/ffffff"}','2021-05-24 03:41:07','2021-07-25 05:49:57'),
    ('1313dd8e-741b-49f7-9607-8619df91a787','Maecenas ut massa quis augue luctus tincidunt. Nulla mollis molestie lorem. Quisque ut erat. Curabitur gravida nisi at nibh. In hac habitasse platea dictumst.','314fc1b2-a413-481e-b570-c9c2c52e9e07','f61960c7-9817-4bc4-a02a-43af3ebb3d41','{"img":"http://dummyimage.com/122x100.png/cc0000/ffffff","link":"http://dummyimage.com/249x100.png/5fa2dd/ffffff"}','2021-12-04 07:09:24','2021-08-07 07:23:28'),
    ('f8e0f5e5-ae09-4423-91fc-ec12d9922af7','Donec semper sapien a libero. Nam dui. Proin leo odio, porttitor id, consequat in, consequat ut, nulla. Sed accumsan felis. Ut at dolor quis odio consequat varius.','31dd4535-7e98-417d-80ca-f436104d841d','68cc79b3-1c65-4a06-99e1-149db4ee4d04','{"img":"http://dummyimage.com/122x100.png/cc0000/ffffff","link":"http://dummyimage.com/249x100.png/5fa2dd/ffffff"}','2022-02-10 06:04:33','2021-09-24 15:09:40'),
    ('2efa3907-1555-465a-b14b-a36e62cfb25c','Cras pellentesque volutpat dui. Maecenas tristique, est et tempus semper, est quam pharetra magna, ac consequat metus sapien ut nunc.','5b666552-d8ab-41c6-ad7c-7c421c342d5b','86287938-cb26-4a34-8ab4-bc0e3e4221ed','{"img":"http://dummyimage.com/122x100.png/cc0000/ffffff","link":"http://dummyimage.com/249x100.png/5fa2dd/ffffff"}','2021-08-23 18:18:40','2021-09-09 23:04:17'),
    ('f88a0973-b2fd-4190-a931-cc15879bd69b','Aliquam sit amet diam in magna bibendum imperdiet. Nullam orci pede, venenatis non, sodales sed, tincidunt eu, felis. Fusce posuere felis sed lacus. Morbi sem mauris, laoreet ut, rhoncus aliquet, pulvinar sed, nisl.','4b17f831-eb11-4eb8-b931-66eb0a86ba6c','d3eb7ca9-dee6-40d5-b9e3-1e44be28aa2a','{"img":"http://dummyimage.com/122x100.png/cc0000/ffffff","link":"http://dummyimage.com/249x100.png/5fa2dd/ffffff"}','2021-07-01 17:25:01','2021-08-26 10:38:03'),
    ('51cf175a-515a-4738-a07d-bde69853dcd4','Duis ac nibh.','7c8236f6-16f7-4322-bb71-c2cde9c4bee4','9284a9d3-52fc-4886-8828-023c2c10f856','{"img":"http://dummyimage.com/122x100.png/cc0000/ffffff","link":"http://dummyimage.com/249x100.png/5fa2dd/ffffff"}','2021-05-19 05:54:49','2021-10-10 21:07:57'),
    ('b345d528-f209-4019-9cc8-b440dfd43e7b','Quisque id justo sit amet sapien dignissim vestibulum. Vestibulum ante ipsum primis in faucibus orci luctus et ultrices posuere cubilia Curae; Nulla dapibus dolor vel est. Donec odio justo, sollicitudin ut, suscipit a, feugiat et, eros. Vestibulum ac est lacinia nisi venenatis tristique.','844da0c8-ce4c-4058-935e-b33dd4ee0dca','2ff0bc1a-e79b-4e84-acff-c9d62eb80656','{"img":"http://dummyimage.com/122x100.png/cc0000/ffffff","link":"http://dummyimage.com/249x100.png/5fa2dd/ffffff"}','2021-06-08 00:12:28','2021-06-26 01:11:33'),
    ('528b6e03-17df-4d73-90af-e5cd1cb0ea4a','Integer ac neque. Duis bibendum. Morbi non quam nec dui luctus rutrum.','57e6301d-f222-4767-9c31-a7688423b4c9','2988b9d5-6472-4aa3-ac62-109df8f05952','{"img":"http://dummyimage.com/122x100.png/cc0000/ffffff","link":"http://dummyimage.com/249x100.png/5fa2dd/ffffff"}','2021-06-09 01:07:59','2022-02-02 18:26:00'),
    ('a508d72b-23df-4df1-802e-bb2f0624cc7c','Nullam porttitor lacus at turpis. Donec posuere metus vitae ipsum. Aliquam non mauris.','0ef1f7a8-f059-44e6-a1bf-4ff8a9c31c16','2ff0bc1a-e79b-4e84-acff-c9d62eb80656','{"img":"http://dummyimage.com/122x100.png/cc0000/ffffff","link":"http://dummyimage.com/249x100.png/5fa2dd/ffffff"}','2021-11-18 07:17:22','2022-03-10 02:04:35'),
    ('1b7a009b-1a1a-4c38-874a-570b45e138be','In hac habitasse platea dictumst.','9a979c4c-b79b-435f-9176-18945fb3b42d','f61960c7-9817-4bc4-a02a-43af3ebb3d41','{"img":"http://dummyimage.com/122x100.png/cc0000/ffffff","link":"http://dummyimage.com/249x100.png/5fa2dd/ffffff"}','2022-02-02 17:05:34','2021-12-09 06:43:20'),
    ('3ea50572-56f8-4463-b128-6e2b5c9e1afc','Proin risus. Praesent lectus.','b1858803-2305-47f4-be67-1efc10a91da7','af3c3aa4-2fa1-48cd-9844-e1adc1e434d5','{"img":"http://dummyimage.com/122x100.png/cc0000/ffffff","link":"http://dummyimage.com/249x100.png/5fa2dd/ffffff"}','2021-12-05 21:19:56','2022-01-16 14:07:50'),
    ('e574a354-ca14-4050-a6de-131e6a6514e2','Maecenas tincidunt lacus at velit. Vivamus vel nulla eget eros elementum pellentesque.','6ca9271b-4ca0-48f7-8c9f-19854045927a','ac16cdb1-901e-4853-a3bb-09fd0285cf28','{"img":"http://dummyimage.com/122x100.png/cc0000/ffffff","link":"http://dummyimage.com/249x100.png/5fa2dd/ffffff"}','2021-12-28 04:12:39','2022-01-02 15:56:56'),
    ('440ab21a-ed2b-4843-9a19-5b5943deab70','Etiam vel augue.','6da7e20a-3e72-4c06-9385-57a398150d30','3012806e-24bd-4e57-99f7-ece95d6db6e6','{"img":"http://dummyimage.com/122x100.png/cc0000/ffffff","link":"http://dummyimage.com/249x100.png/5fa2dd/ffffff"}','2021-04-05 09:34:14','2021-03-26 21:46:56'),
    ('ba15051a-80f8-478d-a349-bbc1ac22e4b4','In eleifend quam a odio. In hac habitasse platea dictumst. Maecenas ut massa quis augue luctus tincidunt. Nulla mollis molestie lorem.','81411042-ae09-47f1-a96c-e3a872b2d0ef','7be3efde-34b1-4cc8-a52f-1429bdee413b','{"img":"http://dummyimage.com/122x100.png/cc0000/ffffff","link":"http://dummyimage.com/249x100.png/5fa2dd/ffffff"}','2022-01-05 15:57:13','2021-10-14 03:20:53'),
    ('c14f2247-63ab-4850-91eb-f1aa87fc345a','Vivamus vel nulla eget eros elementum pellentesque. Quisque porta volutpat erat. Quisque erat eros, viverra eget, congue eget, semper rutrum, nulla. Nunc purus.','3e34094d-17bc-4000-9433-6cebe970b480','e95302fb-a2b9-4602-8f45-f5ad0da0c76f','{"img":"http://dummyimage.com/122x100.png/cc0000/ffffff","link":"http://dummyimage.com/249x100.png/5fa2dd/ffffff"}','2021-08-28 07:04:54','2021-09-06 14:09:32'),
    ('575bed9d-45d9-4e4b-b178-4dca9e3626bc','Donec odio justo, sollicitudin ut, suscipit a, feugiat et, eros. Vestibulum ac est lacinia nisi venenatis tristique. Fusce congue, diam id ornare imperdiet, sapien urna pretium nisl, ut volutpat sapien arcu sed augue. Aliquam erat volutpat. In congue.','3c63487b-101e-430d-a564-b87a2a7791e1','aeeb1261-8aa2-43a1-9bfc-f02eda403d69','{"img":"http://dummyimage.com/122x100.png/cc0000/ffffff","link":"http://dummyimage.com/249x100.png/5fa2dd/ffffff"}','2022-01-24 01:37:17','2021-06-06 15:53:02'),
    ('57ea03be-cf4f-47a1-b655-699d15b419d6','Cum sociis natoque penatibus et magnis dis parturient montes, nascetur ridiculus mus.','b1858803-2305-47f4-be67-1efc10a91da7','3ce7487d-d660-418d-aa42-b23f248eb77a','{"img":"http://dummyimage.com/122x100.png/cc0000/ffffff","link":"http://dummyimage.com/249x100.png/5fa2dd/ffffff"}','2021-05-09 14:23:53','2021-07-07 06:46:20'),
    ('26543306-4ab6-40c4-883d-e38085774bc6','Nam nulla. Integer pede justo, lacinia eget, tincidunt eget, tempus vel, pede.','0ef1f7a8-f059-44e6-a1bf-4ff8a9c31c16','1c99a293-9a6c-40b2-a079-9019e91f8a8b','{"img":"http://dummyimage.com/122x100.png/cc0000/ffffff","link":"http://dummyimage.com/249x100.png/5fa2dd/ffffff"}','2021-07-06 16:21:48','2021-05-29 02:30:26'),
    ('a8bd89b4-6fc5-4725-80c0-4f7ad033598e','Nulla nisl. Nunc nisl.','988f9950-6e27-4ef6-bdb1-fedcbe574b52','af3c3aa4-2fa1-48cd-9844-e1adc1e434d5','{"img":"http://dummyimage.com/122x100.png/cc0000/ffffff","link":"http://dummyimage.com/249x100.png/5fa2dd/ffffff"}','2021-04-13 01:51:26','2022-01-14 15:33:26'),
    ('a5fbba09-4730-4bb5-8255-7b3294e41831','Maecenas leo odio, condimentum id, luctus nec, molestie sed, justo. Pellentesque viverra pede ac diam. Cras pellentesque volutpat dui.','9a979c4c-b79b-435f-9176-18945fb3b42d','238bc285-9c03-43fe-9d15-e9870f507336','{"img":"http://dummyimage.com/122x100.png/cc0000/ffffff","link":"http://dummyimage.com/249x100.png/5fa2dd/ffffff"}','2021-05-23 21:56:48','2021-08-04 01:40:12'),
    ('77648ca3-3b2f-47ac-96c7-a04119ea0bbb','Duis at velit eu est congue elementum. In hac habitasse platea dictumst. Morbi vestibulum, velit id pretium iaculis, diam erat fermentum justo, nec condimentum neque sapien placerat ante. Nulla justo. Aliquam quis turpis eget elit sodales scelerisque.','5445afc0-397d-41d8-8caf-db714ebdb306','7be3efde-34b1-4cc8-a52f-1429bdee413b','{"img":"http://dummyimage.com/122x100.png/cc0000/ffffff","link":"http://dummyimage.com/249x100.png/5fa2dd/ffffff"}','2021-10-03 12:55:06','2022-01-04 00:23:47'),
    ('a53bbac0-0beb-4b4d-a006-6e64adf09226','Morbi non lectus. Aliquam sit amet diam in magna bibendum imperdiet. Nullam orci pede, venenatis non, sodales sed, tincidunt eu, felis. Fusce posuere felis sed lacus.','f31e1418-3719-4728-9af5-1a7c5a660e39','0e37cc70-1961-452a-bb0f-84585d6c12dc','{"img":"http://dummyimage.com/122x100.png/cc0000/ffffff","link":"http://dummyimage.com/249x100.png/5fa2dd/ffffff"}','2021-12-11 20:28:18','2021-05-24 08:24:54'),
    ('2127bae6-a63c-48e0-acd0-a24af54badb2','Vestibulum rutrum rutrum neque.','154a9325-72dd-4a8b-98bb-06c2681781a3','86287938-cb26-4a34-8ab4-bc0e3e4221ed','{"img":"http://dummyimage.com/122x100.png/cc0000/ffffff","link":"http://dummyimage.com/249x100.png/5fa2dd/ffffff"}','2022-02-19 02:14:53','2021-07-01 13:07:26'),
    ('7078d9e7-e64c-4b9f-9a59-13bc0aed0e1e','Cras mi pede, malesuada in, imperdiet et, commodo vulputate, justo. In blandit ultrices enim. Lorem ipsum dolor sit amet, consectetuer adipiscing elit.','f12b5395-9f2c-4c9c-a5f1-50549341226f','e04cc94c-77a7-4671-8e52-34eb1d781d57','{"img":"http://dummyimage.com/122x100.png/cc0000/ffffff","link":"http://dummyimage.com/249x100.png/5fa2dd/ffffff"}','2021-07-11 16:42:51','2022-01-30 01:56:42'),
    ('25a4a16b-6640-426a-8558-5cc07c58e0f1','Vivamus tortor. Duis mattis egestas metus.','9a715068-bf27-467b-b291-0148b40fd70a','7be3efde-34b1-4cc8-a52f-1429bdee413b','{"img":"http://dummyimage.com/122x100.png/cc0000/ffffff","link":"http://dummyimage.com/249x100.png/5fa2dd/ffffff"}','2021-09-12 06:42:39','2021-12-08 19:19:57'),
    ('d4b76121-70f7-4a62-90e8-7662cd2eefe7','Nulla suscipit ligula in lacus. Curabitur at ipsum ac tellus semper interdum. Mauris ullamcorper purus sit amet nulla. Quisque arcu libero, rutrum ac, lobortis vel, dapibus at, diam.','f33d43ec-ee7d-4341-9cb2-34fc6c6997c3','ac1ce5f5-b942-4c44-b689-3d545f1f0f5c','{"img":"http://dummyimage.com/122x100.png/cc0000/ffffff","link":"http://dummyimage.com/249x100.png/5fa2dd/ffffff"}','2021-08-05 11:06:29','2021-09-05 12:58:01'),
    ('8d13f5fe-4a94-4476-b1bb-8565d628aa60','Fusce lacus purus, aliquet at, feugiat non, pretium quis, lectus. Suspendisse potenti.','f12b5395-9f2c-4c9c-a5f1-50549341226f','7b7f4f80-ee81-4ec7-8f26-e48657a42f84','{"img":"http://dummyimage.com/122x100.png/cc0000/ffffff","link":"http://dummyimage.com/249x100.png/5fa2dd/ffffff"}','2022-03-08 16:51:50','2021-05-21 18:47:46'),
    ('56df1c4c-9466-4b43-a24b-8d344e2619cb','Vestibulum ante ipsum primis in faucibus orci luctus et ultrices posuere cubilia Curae; Mauris viverra diam vitae quam. Suspendisse potenti. Nullam porttitor lacus at turpis. Donec posuere metus vitae ipsum. Aliquam non mauris.','6da7e20a-3e72-4c06-9385-57a398150d30','238bc285-9c03-43fe-9d15-e9870f507336','{"img":"http://dummyimage.com/122x100.png/cc0000/ffffff","link":"http://dummyimage.com/249x100.png/5fa2dd/ffffff"}','2021-11-20 05:31:11','2021-06-20 22:48:02'),
    ('1dba1388-be95-406a-b9bf-63f5aea03792','Aenean fermentum. Donec ut mauris eget massa tempor convallis. Nulla neque libero, convallis eget, eleifend luctus, ultricies eu, nibh. Quisque id justo sit amet sapien dignissim vestibulum.','1190e0fc-524f-4c32-a087-4bed56091978','2988b9d5-6472-4aa3-ac62-109df8f05952','{"img":"http://dummyimage.com/122x100.png/cc0000/ffffff","link":"http://dummyimage.com/249x100.png/5fa2dd/ffffff"}','2021-09-01 11:30:40','2021-05-11 14:24:59'),
    ('c5e87199-87ab-441a-bfbf-1e0320b68d3c','Mauris sit amet eros.','e2c39742-288e-4045-af54-86b8a95f292b','7be3efde-34b1-4cc8-a52f-1429bdee413b','{"img":"http://dummyimage.com/122x100.png/cc0000/ffffff","link":"http://dummyimage.com/249x100.png/5fa2dd/ffffff"}','2021-09-14 05:59:09','2021-05-28 02:46:37'),
    ('bc6b1672-348a-41dc-8956-8f2e8715d99a','Praesent blandit lacinia erat. Vestibulum sed magna at nunc commodo placerat. Praesent blandit. Nam nulla. Integer pede justo, lacinia eget, tincidunt eget, tempus vel, pede.','373fe851-8ad4-42f8-94a2-f498301684ba','5ec1d23c-5e1b-4f7b-bf72-5681373c8814','{"img":"http://dummyimage.com/122x100.png/cc0000/ffffff","link":"http://dummyimage.com/249x100.png/5fa2dd/ffffff"}','2021-10-25 21:31:51','2021-11-29 17:01:38'),
    ('f72b3768-860a-4ccf-aba2-5b7523e645d2','Duis bibendum, felis sed interdum venenatis, turpis enim blandit mi, in porttitor pede justo eu massa. Donec dapibus.','3a455971-ecad-4fd6-aba0-78e8ea005f52','bf8bad28-adb8-4f8c-ad04-d6537018780a','{"img":"http://dummyimage.com/122x100.png/cc0000/ffffff","link":"http://dummyimage.com/249x100.png/5fa2dd/ffffff"}','2021-06-29 19:04:28','2021-07-14 11:50:22'),
    ('b43cd516-9896-4f80-bcfa-86d3315465d9','Morbi a ipsum.','833929ab-d758-42c0-85aa-daf54e0f9366','3650cbf7-27c2-402a-9e55-9a9af0cabf9d','{"img":"http://dummyimage.com/122x100.png/cc0000/ffffff","link":"http://dummyimage.com/249x100.png/5fa2dd/ffffff"}','2021-04-16 17:30:10','2021-04-28 20:50:52'),
    ('47e1462f-cc31-45b0-9a79-7ad57f7c23cf','Maecenas ut massa quis augue luctus tincidunt. Nulla mollis molestie lorem. Quisque ut erat.','31dd4535-7e98-417d-80ca-f436104d841d','d5085326-ed91-4ae3-9421-fd3b45a3d4f4','{"img":"http://dummyimage.com/122x100.png/cc0000/ffffff","link":"http://dummyimage.com/249x100.png/5fa2dd/ffffff"}','2022-02-03 23:38:32','2021-07-26 09:28:13'),
    ('34e3d7ff-9624-42be-8501-8a3fb8bc3b44','Donec ut dolor. Morbi vel lectus in quam fringilla rhoncus. Mauris enim leo, rhoncus sed, vestibulum sit amet, cursus id, turpis.','07b4d988-be3c-438a-abec-5743c8778845','86287938-cb26-4a34-8ab4-bc0e3e4221ed','{"img":"http://dummyimage.com/122x100.png/cc0000/ffffff","link":"http://dummyimage.com/249x100.png/5fa2dd/ffffff"}','2021-10-07 04:57:30','2022-02-26 20:03:20'),
    ('93cf1c8b-80e1-485f-8afd-1ebeb52862b1','Vestibulum rutrum rutrum neque. Aenean auctor gravida sem. Praesent id massa id nisl venenatis lacinia. Aenean sit amet justo. Morbi ut odio.','f33d43ec-ee7d-4341-9cb2-34fc6c6997c3','aeeb1261-8aa2-43a1-9bfc-f02eda403d69','{"img":"http://dummyimage.com/122x100.png/cc0000/ffffff","link":"http://dummyimage.com/249x100.png/5fa2dd/ffffff"}','2021-11-03 00:41:29','2021-07-18 11:12:42'),
    ('4d4c9b1c-18d5-42fc-a2cb-a7e5c377648a','Fusce congue, diam id ornare imperdiet, sapien urna pretium nisl, ut volutpat sapien arcu sed augue.','3e34094d-17bc-4000-9433-6cebe970b480','495daecf-ec34-4b7b-ae4a-e3bd63792123','{"img":"http://dummyimage.com/122x100.png/cc0000/ffffff","link":"http://dummyimage.com/249x100.png/5fa2dd/ffffff"}','2021-10-22 19:10:05','2021-04-04 17:51:32'),
    ('f88cbb07-cda3-4ee3-821d-4561f359b586','Maecenas tincidunt lacus at velit. Vivamus vel nulla eget eros elementum pellentesque. Quisque porta volutpat erat.','3496f039-db88-4905-b697-04664598d7d1','3012806e-24bd-4e57-99f7-ece95d6db6e6','{"img":"http://dummyimage.com/122x100.png/cc0000/ffffff","link":"http://dummyimage.com/249x100.png/5fa2dd/ffffff"}','2022-03-19 16:05:28','2021-05-10 16:00:33'),
    ('d8dfdf2b-cd0a-4738-ae37-b126c1cd264a','Lorem ipsum dolor sit amet, consectetuer adipiscing elit. Proin interdum mauris non ligula pellentesque ultrices. Phasellus id sapien in sapien iaculis congue. Vivamus metus arcu, adipiscing molestie, hendrerit at, vulputate vitae, nisl.','3496f039-db88-4905-b697-04664598d7d1','59b69d44-42aa-4b33-9ea0-fd60fe6bc364','{"img":"http://dummyimage.com/122x100.png/cc0000/ffffff","link":"http://dummyimage.com/249x100.png/5fa2dd/ffffff"}','2021-07-29 18:21:12','2021-09-17 23:03:16'),
    ('d4744d88-3892-4f4a-b78d-a074932dc07c','In est risus, auctor sed, tristique in, tempus sit amet, sem. Fusce consequat. Nulla nisl. Nunc nisl. Duis bibendum, felis sed interdum venenatis, turpis enim blandit mi, in porttitor pede justo eu massa.','64ced4a1-0b93-458e-a5ef-fbdb1318b228','67bfbf6f-5d4e-46d0-8606-2a8de39428f6','{"img":"http://dummyimage.com/122x100.png/cc0000/ffffff","link":"http://dummyimage.com/249x100.png/5fa2dd/ffffff"}','2022-02-07 05:53:42','2021-05-26 07:22:20'),
    ('41388ef8-e46e-4c9e-b585-e35dfccd32e7','Praesent lectus.','79255e4e-c705-4ab9-bdc3-3b3afcddbd62','f52e8a88-92ad-49b6-90c5-b4dafcd79572','{"img":"http://dummyimage.com/122x100.png/cc0000/ffffff","link":"http://dummyimage.com/249x100.png/5fa2dd/ffffff"}','2021-09-06 09:11:51','2022-01-07 20:51:21'),
    ('d72400ed-4150-4bc4-838c-6c7da0c1cb25','Integer pede justo, lacinia eget, tincidunt eget, tempus vel, pede. Morbi porttitor lorem id ligula. Suspendisse ornare consequat lectus.','33732ec8-d255-40b3-bde0-fa30c63fde2a','68cc79b3-1c65-4a06-99e1-149db4ee4d04','{"img":"http://dummyimage.com/122x100.png/cc0000/ffffff","link":"http://dummyimage.com/249x100.png/5fa2dd/ffffff"}','2021-06-22 21:34:47','2022-03-14 16:44:59'),
    ('b0486d3c-8e67-4678-b736-59472cef1ba6','Integer tincidunt ante vel ipsum. Praesent blandit lacinia erat. Vestibulum sed magna at nunc commodo placerat. Praesent blandit. Nam nulla.','edeeb3da-d81a-43f2-a311-6797a414732e','943dc7f8-ee9b-48c1-9296-86b9a74d5852','{"img":"http://dummyimage.com/122x100.png/cc0000/ffffff","link":"http://dummyimage.com/249x100.png/5fa2dd/ffffff"}','2021-07-29 06:40:00','2021-07-12 07:27:30'),
    ('cb56543c-59b5-4f80-bc21-992de16d9f6a','Integer a nibh.','228902af-a3fa-4c17-8ad7-333b46fb4d4f','5d08b2ca-ba56-49c7-b701-11393cfddadd','{"img":"http://dummyimage.com/122x100.png/cc0000/ffffff","link":"http://dummyimage.com/249x100.png/5fa2dd/ffffff"}','2022-02-05 04:05:15','2021-04-24 13:20:23'),
    ('b26b6255-afee-4501-9ff4-77fae12c6c02','Nullam molestie nibh in lectus. Pellentesque at nulla. Suspendisse potenti. Cras in purus eu magna vulputate luctus. Cum sociis natoque penatibus et magnis dis parturient montes, nascetur ridiculus mus.','31ded9c2-8789-42e7-a963-bbd2b26980fa','9c7c865f-e1ad-4829-a523-dcca102dc1d9','{"img":"http://dummyimage.com/122x100.png/cc0000/ffffff","link":"http://dummyimage.com/249x100.png/5fa2dd/ffffff"}','2021-10-30 01:23:32','2022-03-05 10:30:38'),
    ('c32f5bff-7539-4141-80a2-69e9535df405','Morbi porttitor lorem id ligula. Suspendisse ornare consequat lectus.','03cdb72b-67a2-4ddd-a07d-61e613ec4daf','64b95171-2f95-4dca-8668-96685f11ae51','{"img":"http://dummyimage.com/122x100.png/cc0000/ffffff","link":"http://dummyimage.com/249x100.png/5fa2dd/ffffff"}','2021-08-12 17:02:41','2022-02-10 04:18:34'),
    ('7d28f6ed-72bb-4985-91c4-455498a33788','Integer a nibh. In quis justo. Maecenas rhoncus aliquam lacus. Morbi quis tortor id nulla ultrices aliquet.','9a979c4c-b79b-435f-9176-18945fb3b42d','f52e8a88-92ad-49b6-90c5-b4dafcd79572','{"img":"http://dummyimage.com/122x100.png/cc0000/ffffff","link":"http://dummyimage.com/249x100.png/5fa2dd/ffffff"}','2022-01-02 10:14:18','2021-12-20 09:07:51'),
    ('d88abb88-e3ef-4125-b97d-35068c07dbbb','Nunc purus. Phasellus in felis. Donec semper sapien a libero. Nam dui. Proin leo odio, porttitor id, consequat in, consequat ut, nulla.','d6b58778-82cf-4d08-bd8c-cbbec3986685','7e8a5f48-e36c-4c52-b2b2-2cbdc0aeafed','{"img":"http://dummyimage.com/122x100.png/cc0000/ffffff","link":"http://dummyimage.com/249x100.png/5fa2dd/ffffff"}','2021-10-06 16:28:37','2022-03-02 15:39:20'),
    ('b6f5a90e-77e6-4c5d-baef-e1a654897270','Aliquam sit amet diam in magna bibendum imperdiet. Nullam orci pede, venenatis non, sodales sed, tincidunt eu, felis.','dde4e029-02eb-4139-8e67-7486b36c4410','f61960c7-9817-4bc4-a02a-43af3ebb3d41','{"img":"http://dummyimage.com/122x100.png/cc0000/ffffff","link":"http://dummyimage.com/249x100.png/5fa2dd/ffffff"}','2021-08-30 05:43:51','2022-02-06 11:23:06'),
    ('371a7b5f-824d-4022-9095-2baebb83dfe3','Suspendisse potenti.','8ea93b60-0531-4cca-a7c1-1207140bc30c','7be3efde-34b1-4cc8-a52f-1429bdee413b','{"img":"http://dummyimage.com/122x100.png/cc0000/ffffff","link":"http://dummyimage.com/249x100.png/5fa2dd/ffffff"}','2021-04-10 22:50:08','2021-09-13 08:50:53'),
    ('d2cb4761-c497-48a6-baba-97919b8f8879','Duis ac nibh.','ca6faf36-8695-4d89-957b-91cd2fd03850','64b95171-2f95-4dca-8668-96685f11ae51','{"img":"http://dummyimage.com/122x100.png/cc0000/ffffff","link":"http://dummyimage.com/249x100.png/5fa2dd/ffffff"}','2021-09-02 12:47:47','2022-02-09 21:45:28'),
    ('11a9fe92-f9b0-44c5-82dc-8dcb665b21d3','Donec semper sapien a libero. Nam dui. Proin leo odio, porttitor id, consequat in, consequat ut, nulla. Sed accumsan felis.','ad99ef2e-b239-4355-9c59-842c8cee042a','aeeb1261-8aa2-43a1-9bfc-f02eda403d69','{"img":"http://dummyimage.com/122x100.png/cc0000/ffffff","link":"http://dummyimage.com/249x100.png/5fa2dd/ffffff"}','2021-04-04 14:23:01','2021-04-08 10:49:31'),
    ('3972a8d7-0a80-4681-9a0d-07886852dc7f','Proin interdum mauris non ligula pellentesque ultrices. Phasellus id sapien in sapien iaculis congue. Vivamus metus arcu, adipiscing molestie, hendrerit at, vulputate vitae, nisl. Aenean lectus.','33732ec8-d255-40b3-bde0-fa30c63fde2a','5ec1d23c-5e1b-4f7b-bf72-5681373c8814','{"img":"http://dummyimage.com/122x100.png/cc0000/ffffff","link":"http://dummyimage.com/249x100.png/5fa2dd/ffffff"}','2021-06-03 16:52:05','2021-07-16 03:30:53'),
    ('a454eb7a-48fd-46ec-816a-1e31c91ff973','Mauris lacinia sapien quis libero. Nullam sit amet turpis elementum ligula vehicula consequat. Morbi a ipsum. Integer a nibh.','1190e0fc-524f-4c32-a087-4bed56091978','5ec1d23c-5e1b-4f7b-bf72-5681373c8814','{"img":"http://dummyimage.com/122x100.png/cc0000/ffffff","link":"http://dummyimage.com/249x100.png/5fa2dd/ffffff"}','2021-03-25 06:21:08','2021-07-12 01:14:27'),
    ('388b5390-b26e-458c-96eb-4fad14e81dc8','Nulla mollis molestie lorem. Quisque ut erat. Curabitur gravida nisi at nibh. In hac habitasse platea dictumst. Aliquam augue quam, sollicitudin vitae, consectetuer eget, rutrum at, lorem.','7d3ee899-a40d-4054-9e20-615474aa06ec','ac16cdb1-901e-4853-a3bb-09fd0285cf28','{"img":"http://dummyimage.com/122x100.png/cc0000/ffffff","link":"http://dummyimage.com/249x100.png/5fa2dd/ffffff"}','2021-05-25 12:24:50','2021-06-20 02:19:41'),
    ('9b6c7564-2b14-4ee2-a52a-13ce4b5ac83f','Duis at velit eu est congue elementum. In hac habitasse platea dictumst. Morbi vestibulum, velit id pretium iaculis, diam erat fermentum justo, nec condimentum neque sapien placerat ante.','844da0c8-ce4c-4058-935e-b33dd4ee0dca','9c7c865f-e1ad-4829-a523-dcca102dc1d9','{"img":"http://dummyimage.com/122x100.png/cc0000/ffffff","link":"http://dummyimage.com/249x100.png/5fa2dd/ffffff"}','2021-08-29 18:31:36','2021-04-15 09:29:39'),
    ('da32c96b-6d79-4bb8-a0bd-445630a9696a','Etiam justo. Etiam pretium iaculis justo. In hac habitasse platea dictumst. Etiam faucibus cursus urna.','5356dbd6-f0e7-468a-b1c9-e56c28f7d223','c91fd437-d692-4d7b-8b9a-19b5bed54a42','{"img":"http://dummyimage.com/122x100.png/cc0000/ffffff","link":"http://dummyimage.com/249x100.png/5fa2dd/ffffff"}','2021-06-08 13:47:05','2021-12-18 08:22:47'),
    ('e043a344-227f-4707-8a1d-62e9998681fc','Quisque id justo sit amet sapien dignissim vestibulum. Vestibulum ante ipsum primis in faucibus orci luctus et ultrices posuere cubilia Curae; Nulla dapibus dolor vel est. Donec odio justo, sollicitudin ut, suscipit a, feugiat et, eros. Vestibulum ac est lacinia nisi venenatis tristique.','7164404a-2fdc-4d04-8060-28b5c88779c7','64b95171-2f95-4dca-8668-96685f11ae51','{"img":"http://dummyimage.com/122x100.png/cc0000/ffffff","link":"http://dummyimage.com/249x100.png/5fa2dd/ffffff"}','2021-04-17 21:48:10','2021-10-13 15:25:37'),
    ('00ee39e0-2eba-41a9-ba9f-afa63d3c49cd','Maecenas pulvinar lobortis est. Phasellus sit amet erat.','48cd92d9-6409-412e-a9ab-d4851d10169a','3ce7487d-d660-418d-aa42-b23f248eb77a','{"img":"http://dummyimage.com/122x100.png/cc0000/ffffff","link":"http://dummyimage.com/249x100.png/5fa2dd/ffffff"}','2022-02-11 14:29:36','2021-08-20 06:43:01'),
    ('c66e2e6a-e1e0-4ac5-b80a-2a302128273a','Pellentesque ultrices mattis odio. Donec vitae nisi. Nam ultrices, libero non mattis pulvinar, nulla pede ullamcorper augue, a suscipit nulla elit ac nulla. Sed vel enim sit amet nunc viverra dapibus. Nulla suscipit ligula in lacus.','31dd4535-7e98-417d-80ca-f436104d841d','67bfbf6f-5d4e-46d0-8606-2a8de39428f6','{"img":"http://dummyimage.com/122x100.png/cc0000/ffffff","link":"http://dummyimage.com/249x100.png/5fa2dd/ffffff"}','2021-11-24 21:56:24','2022-01-29 10:36:19'),
    ('aec30ad7-10e3-4e8d-a318-591757ec64c3','In blandit ultrices enim. Lorem ipsum dolor sit amet, consectetuer adipiscing elit. Proin interdum mauris non ligula pellentesque ultrices.','0ef1f7a8-f059-44e6-a1bf-4ff8a9c31c16','ac1ce5f5-b942-4c44-b689-3d545f1f0f5c','{"img":"http://dummyimage.com/122x100.png/cc0000/ffffff","link":"http://dummyimage.com/249x100.png/5fa2dd/ffffff"}','2022-01-13 00:08:29','2021-08-18 06:03:34'),
    ('dc11338b-9089-47ed-af9e-8567b52abcdd','Aenean lectus. Pellentesque eget nunc. Donec quis orci eget orci vehicula condimentum. Curabitur in libero ut massa volutpat convallis. Morbi odio odio, elementum eu, interdum eu, tincidunt in, leo.','81411042-ae09-47f1-a96c-e3a872b2d0ef','5ba7bb12-b4d8-4af0-a9ca-c45537e4bae6','{"img":"http://dummyimage.com/122x100.png/cc0000/ffffff","link":"http://dummyimage.com/249x100.png/5fa2dd/ffffff"}','2021-05-17 15:22:17','2021-11-26 06:25:05'),
    ('38b2fee2-9d80-48bf-80f4-1072073f3645','Pellentesque viverra pede ac diam. Cras pellentesque volutpat dui.','9a715068-bf27-467b-b291-0148b40fd70a','9ae2a8f2-ab61-476c-9452-e83b10285b78','{"img":"http://dummyimage.com/122x100.png/cc0000/ffffff","link":"http://dummyimage.com/249x100.png/5fa2dd/ffffff"}','2022-01-05 00:59:09','2021-10-18 19:14:19'),
    ('316318c0-b78c-48d9-b8fd-9fe6bdaf17a4','Fusce posuere felis sed lacus.','b1858803-2305-47f4-be67-1efc10a91da7','66b30478-5dc7-4f08-abda-e3509f1d4392','{"img":"http://dummyimage.com/122x100.png/cc0000/ffffff","link":"http://dummyimage.com/249x100.png/5fa2dd/ffffff"}','2021-06-25 01:29:53','2021-09-06 04:51:49'),
    ('daf1cd30-655b-43bb-af45-37802c74da02','Etiam vel augue.','9a715068-bf27-467b-b291-0148b40fd70a','0e37cc70-1961-452a-bb0f-84585d6c12dc','{"img":"http://dummyimage.com/122x100.png/cc0000/ffffff","link":"http://dummyimage.com/249x100.png/5fa2dd/ffffff"}','2021-03-25 08:57:49','2021-11-14 22:40:38'),
    ('bbfd3eaf-f8d8-4f1f-be57-783fc2f80baa','Pellentesque ultrices mattis odio. Donec vitae nisi. Nam ultrices, libero non mattis pulvinar, nulla pede ullamcorper augue, a suscipit nulla elit ac nulla. Sed vel enim sit amet nunc viverra dapibus.','c946a3bc-b0dc-42f1-bcba-5618c1f8eab7','f61960c7-9817-4bc4-a02a-43af3ebb3d41','{"img":"http://dummyimage.com/122x100.png/cc0000/ffffff","link":"http://dummyimage.com/249x100.png/5fa2dd/ffffff"}','2021-05-08 21:45:06','2021-06-28 11:36:28'),
    ('dbe48a9f-8c45-4a1f-ab58-c8db55a35c78','Quisque id justo sit amet sapien dignissim vestibulum. Vestibulum ante ipsum primis in faucibus orci luctus et ultrices posuere cubilia Curae; Nulla dapibus dolor vel est. Donec odio justo, sollicitudin ut, suscipit a, feugiat et, eros.','7926646f-b479-4416-9c0a-b180357b99ae','59b69d44-42aa-4b33-9ea0-fd60fe6bc364','{"img":"http://dummyimage.com/122x100.png/cc0000/ffffff","link":"http://dummyimage.com/249x100.png/5fa2dd/ffffff"}','2021-12-18 19:09:17','2021-10-22 05:22:09'),
    ('c0de4982-063d-4006-8ed1-4cd86cabccee','Fusce lacus purus, aliquet at, feugiat non, pretium quis, lectus. Suspendisse potenti.','e2c39742-288e-4045-af54-86b8a95f292b','f52e8a88-92ad-49b6-90c5-b4dafcd79572','{"img":"http://dummyimage.com/122x100.png/cc0000/ffffff","link":"http://dummyimage.com/249x100.png/5fa2dd/ffffff"}','2022-01-10 03:31:07','2021-09-17 20:47:07'),
    ('f267f0d6-1268-4169-9db1-d629e54c2d47','Proin interdum mauris non ligula pellentesque ultrices. Phasellus id sapien in sapien iaculis congue. Vivamus metus arcu, adipiscing molestie, hendrerit at, vulputate vitae, nisl. Aenean lectus. Pellentesque eget nunc.','7926646f-b479-4416-9c0a-b180357b99ae','f61960c7-9817-4bc4-a02a-43af3ebb3d41','{"img":"http://dummyimage.com/122x100.png/cc0000/ffffff","link":"http://dummyimage.com/249x100.png/5fa2dd/ffffff"}','2021-12-04 05:45:30','2022-03-08 01:33:17'),
    ('c3ccfe98-afe4-4001-aa1a-f94f9f8962bd','Nullam varius. Nulla facilisi. Cras non velit nec nisi vulputate nonummy.','64080a28-4bbb-407a-acf4-07017c3ec88b','c392f44d-a8cd-4db4-9941-1dcff28de066','{"img":"http://dummyimage.com/122x100.png/cc0000/ffffff","link":"http://dummyimage.com/249x100.png/5fa2dd/ffffff"}','2021-07-30 14:44:16','2021-08-24 18:23:36'),
    ('1fcda850-ccc5-4b44-96ce-56fd85e70686','Maecenas tristique, est et tempus semper, est quam pharetra magna, ac consequat metus sapien ut nunc. Vestibulum ante ipsum primis in faucibus orci luctus et ultrices posuere cubilia Curae; Mauris viverra diam vitae quam.','dcef140e-e766-4097-95f3-076e85421932','2988b9d5-6472-4aa3-ac62-109df8f05952','{"img":"http://dummyimage.com/122x100.png/cc0000/ffffff","link":"http://dummyimage.com/249x100.png/5fa2dd/ffffff"}','2021-07-04 02:20:42','2021-07-27 01:19:49'),
    ('ec8cb7a7-0954-4dea-9d74-8efac6052d51','Cum sociis natoque penatibus et magnis dis parturient montes, nascetur ridiculus mus. Etiam vel augue.','6fce731d-b79d-418c-8689-2a79b21efe27','f61960c7-9817-4bc4-a02a-43af3ebb3d41','{"img":"http://dummyimage.com/122x100.png/cc0000/ffffff","link":"http://dummyimage.com/249x100.png/5fa2dd/ffffff"}','2022-01-01 02:48:03','2021-12-31 19:19:28'),
    ('eecfb1c6-80ff-4308-a03a-fbc2564cc46c','Proin eu mi. Nulla ac enim. In tempor, turpis nec euismod scelerisque, quam turpis adipiscing lorem, vitae mattis nibh ligula nec sem.','366b82d4-dbbc-4eab-93d2-c5f1d96dea11','d5085326-ed91-4ae3-9421-fd3b45a3d4f4','{"img":"http://dummyimage.com/122x100.png/cc0000/ffffff","link":"http://dummyimage.com/249x100.png/5fa2dd/ffffff"}','2022-01-11 09:12:24','2021-11-17 06:24:15'),
    ('1034c945-eee6-411b-bc91-e31834e0bf1f','Nulla mollis molestie lorem.','c47ccbb4-2ce0-4541-b240-fa3e4f836c2a','943dc7f8-ee9b-48c1-9296-86b9a74d5852','{"img":"http://dummyimage.com/122x100.png/cc0000/ffffff","link":"http://dummyimage.com/249x100.png/5fa2dd/ffffff"}','2021-11-04 22:07:43','2021-05-28 17:49:46'),
    ('9a5ecad3-2347-4140-bc7f-d272cfa3bc3b','Suspendisse potenti.','1214db4d-2296-4c83-9785-36ebd9d89d4f','1c99a293-9a6c-40b2-a079-9019e91f8a8b','{"img":"http://dummyimage.com/122x100.png/cc0000/ffffff","link":"http://dummyimage.com/249x100.png/5fa2dd/ffffff"}','2022-01-31 08:19:36','2022-02-21 02:30:00'),
    ('18a91139-d99a-4769-9321-84ffe48a27ed','Suspendisse ornare consequat lectus. In est risus, auctor sed, tristique in, tempus sit amet, sem. Fusce consequat. Nulla nisl.','3496f039-db88-4905-b697-04664598d7d1','3650cbf7-27c2-402a-9e55-9a9af0cabf9d','{"img":"http://dummyimage.com/122x100.png/cc0000/ffffff","link":"http://dummyimage.com/249x100.png/5fa2dd/ffffff"}','2022-02-13 09:48:48','2021-05-01 11:01:47'),
    ('950c7ccd-ec42-48a4-9e90-10636ae2fba9','Suspendisse accumsan tortor quis turpis. Sed ante. Vivamus tortor. Duis mattis egestas metus.','9a979c4c-b79b-435f-9176-18945fb3b42d','2ff0bc1a-e79b-4e84-acff-c9d62eb80656','{"img":"http://dummyimage.com/122x100.png/cc0000/ffffff","link":"http://dummyimage.com/249x100.png/5fa2dd/ffffff"}','2021-12-15 13:59:02','2021-10-17 17:30:11'),
    ('466c2eeb-9ae7-47d7-ae3d-30c5e43ad6ca','Proin at turpis a pede posuere nonummy.','9e4d10e4-a788-4dfb-aa7d-b75bd193c29a','af3c3aa4-2fa1-48cd-9844-e1adc1e434d5','{"img":"http://dummyimage.com/122x100.png/cc0000/ffffff","link":"http://dummyimage.com/249x100.png/5fa2dd/ffffff"}','2021-10-17 04:22:07','2021-06-11 07:05:15'),
    ('d7a48c37-0a27-408d-95b1-510bf82a74c0','Nullam sit amet turpis elementum ligula vehicula consequat. Morbi a ipsum.','ca6faf36-8695-4d89-957b-91cd2fd03850','7b7f4f80-ee81-4ec7-8f26-e48657a42f84','{"img":"http://dummyimage.com/122x100.png/cc0000/ffffff","link":"http://dummyimage.com/249x100.png/5fa2dd/ffffff"}','2021-12-24 03:34:03','2021-05-25 20:25:48'),
    ('3e889b6f-ed9f-4a11-b4d6-3bfd55ce1c3a','Mauris lacinia sapien quis libero. Nullam sit amet turpis elementum ligula vehicula consequat.','c960ccb0-77c4-41b8-96cb-f2bdb05c66d4','fb9a222c-0e90-42ba-a697-fefbccc53b5c','{"img":"http://dummyimage.com/122x100.png/cc0000/ffffff","link":"http://dummyimage.com/249x100.png/5fa2dd/ffffff"}','2021-06-13 21:42:29','2021-07-27 04:16:04'),
    ('679d052e-1e00-47a5-98d0-accc149d1a95','Nullam sit amet turpis elementum ligula vehicula consequat.','f7beb32d-b167-4e89-8b8b-f2d224b66b14','9ae2a8f2-ab61-476c-9452-e83b10285b78','{"img":"http://dummyimage.com/122x100.png/cc0000/ffffff","link":"http://dummyimage.com/249x100.png/5fa2dd/ffffff"}','2021-05-05 08:34:41','2021-09-11 22:50:46'),
    ('535376d0-a1d1-431b-9e5b-e58e43988499','Nulla suscipit ligula in lacus. Curabitur at ipsum ac tellus semper interdum. Mauris ullamcorper purus sit amet nulla.','ad99ef2e-b239-4355-9c59-842c8cee042a','86287938-cb26-4a34-8ab4-bc0e3e4221ed','{"img":"http://dummyimage.com/122x100.png/cc0000/ffffff","link":"http://dummyimage.com/249x100.png/5fa2dd/ffffff"}','2021-04-04 13:19:26','2021-03-29 11:48:58'),
    ('21f8905a-6bc4-49cb-8302-edbe82d0c642','Proin leo odio, porttitor id, consequat in, consequat ut, nulla. Sed accumsan felis. Ut at dolor quis odio consequat varius. Integer ac leo. Pellentesque ultrices mattis odio.','03cdb72b-67a2-4ddd-a07d-61e613ec4daf','943dc7f8-ee9b-48c1-9296-86b9a74d5852','{"img":"http://dummyimage.com/122x100.png/cc0000/ffffff","link":"http://dummyimage.com/249x100.png/5fa2dd/ffffff"}','2021-05-27 11:54:58','2021-06-17 04:26:13'),
    ('0ed0fc53-b336-4fe2-b54a-81bf78be3425','Phasellus sit amet erat. Nulla tempus. Vivamus in felis eu sapien cursus vestibulum. Proin eu mi.','7926646f-b479-4416-9c0a-b180357b99ae','7be3efde-34b1-4cc8-a52f-1429bdee413b','{"img":"http://dummyimage.com/122x100.png/cc0000/ffffff","link":"http://dummyimage.com/249x100.png/5fa2dd/ffffff"}','2021-04-08 09:21:47','2021-08-09 14:09:04'),
    ('f2fdaa45-2d15-45a7-967a-7bef367b9ded','Nulla ut erat id mauris vulputate elementum. Nullam varius. Nulla facilisi.','36d08860-20fe-4819-8f68-fd4f5af2ba2d','68cc79b3-1c65-4a06-99e1-149db4ee4d04','{"img":"http://dummyimage.com/122x100.png/cc0000/ffffff","link":"http://dummyimage.com/249x100.png/5fa2dd/ffffff"}','2021-07-04 00:05:16','2021-05-19 12:11:09'),
    ('7690e88e-f19b-4170-adca-daa01a9bf957','Nulla tempus. Vivamus in felis eu sapien cursus vestibulum. Proin eu mi. Nulla ac enim.','33732ec8-d255-40b3-bde0-fa30c63fde2a','4b2cd4db-5a15-4a2b-90a8-716a589844d1','{"img":"http://dummyimage.com/122x100.png/cc0000/ffffff","link":"http://dummyimage.com/249x100.png/5fa2dd/ffffff"}','2021-12-18 16:53:21','2021-04-26 23:30:24'),
    ('bb1b043f-6dc0-4f8a-94cd-54df1c7a4850','Curabitur convallis. Duis consequat dui nec nisi volutpat eleifend. Donec ut dolor. Morbi vel lectus in quam fringilla rhoncus. Mauris enim leo, rhoncus sed, vestibulum sit amet, cursus id, turpis.','3c63487b-101e-430d-a564-b87a2a7791e1','7e8a5f48-e36c-4c52-b2b2-2cbdc0aeafed','{"img":"http://dummyimage.com/122x100.png/cc0000/ffffff","link":"http://dummyimage.com/249x100.png/5fa2dd/ffffff"}','2021-04-13 08:08:26','2022-03-19 10:37:59'),
    ('667c3b12-ef13-4254-947b-767787fda099','Aliquam erat volutpat. In congue. Etiam justo. Etiam pretium iaculis justo. In hac habitasse platea dictumst.','314fc1b2-a413-481e-b570-c9c2c52e9e07','5ec1d23c-5e1b-4f7b-bf72-5681373c8814','{"img":"http://dummyimage.com/122x100.png/cc0000/ffffff","link":"http://dummyimage.com/249x100.png/5fa2dd/ffffff"}','2021-09-23 09:56:10','2021-05-30 10:45:52'),
    ('559407d8-73c1-4251-8fab-f9413a48fec6','In est risus, auctor sed, tristique in, tempus sit amet, sem. Fusce consequat. Nulla nisl.','1190e0fc-524f-4c32-a087-4bed56091978','0447ff47-e257-4bfc-b1a6-913a2c6cbd79','{"img":"http://dummyimage.com/122x100.png/cc0000/ffffff","link":"http://dummyimage.com/249x100.png/5fa2dd/ffffff"}','2021-04-03 12:07:25','2021-09-16 10:10:39'),
    ('71967859-729d-4759-b0f6-f62002d6aa05','Quisque ut erat. Curabitur gravida nisi at nibh. In hac habitasse platea dictumst. Aliquam augue quam, sollicitudin vitae, consectetuer eget, rutrum at, lorem.','228902af-a3fa-4c17-8ad7-333b46fb4d4f','aeeb1261-8aa2-43a1-9bfc-f02eda403d69','{"img":"http://dummyimage.com/122x100.png/cc0000/ffffff","link":"http://dummyimage.com/249x100.png/5fa2dd/ffffff"}','2021-12-09 06:31:36','2022-02-10 23:06:13'),
    ('3c51a5e3-afe3-4c02-8872-83636149094d','Sed ante. Vivamus tortor. Duis mattis egestas metus. Aenean fermentum.','a7143a06-2075-490c-954b-8080e77b8d9e','7be3efde-34b1-4cc8-a52f-1429bdee413b','{"img":"http://dummyimage.com/122x100.png/cc0000/ffffff","link":"http://dummyimage.com/249x100.png/5fa2dd/ffffff"}','2021-11-26 14:35:40','2022-01-14 10:48:48'),
    ('d418001b-4d23-46ac-8334-923545f747ef','Quisque porta volutpat erat.','1190e0fc-524f-4c32-a087-4bed56091978','67bfbf6f-5d4e-46d0-8606-2a8de39428f6','{"img":"http://dummyimage.com/122x100.png/cc0000/ffffff","link":"http://dummyimage.com/249x100.png/5fa2dd/ffffff"}','2022-02-16 21:09:12','2021-11-03 17:01:18'),
    ('dc3ccbe4-640d-4fd2-82a5-cfd91f2b82a0','Morbi quis tortor id nulla ultrices aliquet.','f377662a-9d55-4c88-b8a1-2334fd9bba48','f61960c7-9817-4bc4-a02a-43af3ebb3d41','{"img":"http://dummyimage.com/122x100.png/cc0000/ffffff","link":"http://dummyimage.com/249x100.png/5fa2dd/ffffff"}','2021-08-19 05:52:33','2021-10-25 04:29:49'),
    ('7a1a6051-a9d9-4241-964b-63aeb32a2a3f','Nulla neque libero, convallis eget, eleifend luctus, ultricies eu, nibh. Quisque id justo sit amet sapien dignissim vestibulum. Vestibulum ante ipsum primis in faucibus orci luctus et ultrices posuere cubilia Curae; Nulla dapibus dolor vel est. Donec odio justo, sollicitudin ut, suscipit a, feugiat et, eros. Vestibulum ac est lacinia nisi venenatis tristique.','7f1fac27-ad23-4c29-bd8b-3bf39fea8a01','1590272b-2f38-4d59-9f49-fe0dde3e2ea1','{"img":"http://dummyimage.com/122x100.png/cc0000/ffffff","link":"http://dummyimage.com/249x100.png/5fa2dd/ffffff"}','2022-02-28 20:13:20','2022-01-06 23:21:38'),
    ('c103325e-c914-4495-b140-f964f0661e48','Maecenas tristique, est et tempus semper, est quam pharetra magna, ac consequat metus sapien ut nunc.','833929ab-d758-42c0-85aa-daf54e0f9366','68cc79b3-1c65-4a06-99e1-149db4ee4d04','{"img":"http://dummyimage.com/122x100.png/cc0000/ffffff","link":"http://dummyimage.com/249x100.png/5fa2dd/ffffff"}','2021-04-06 04:30:55','2021-08-05 17:40:41'),
    ('996e7ddc-f6e7-42f4-9725-6a7584341ddc','Vestibulum ante ipsum primis in faucibus orci luctus et ultrices posuere cubilia Curae; Mauris viverra diam vitae quam. Suspendisse potenti. Nullam porttitor lacus at turpis. Donec posuere metus vitae ipsum. Aliquam non mauris.','154a9325-72dd-4a8b-98bb-06c2681781a3','c392f44d-a8cd-4db4-9941-1dcff28de066','{"img":"http://dummyimage.com/122x100.png/cc0000/ffffff","link":"http://dummyimage.com/249x100.png/5fa2dd/ffffff"}','2021-10-10 16:38:13','2022-02-10 10:57:18'),
    ('53a299ab-2d07-490c-8b8a-173dd6f67bb1','Aenean sit amet justo. Morbi ut odio. Cras mi pede, malesuada in, imperdiet et, commodo vulputate, justo.','366b82d4-dbbc-4eab-93d2-c5f1d96dea11','bbf1023a-d150-4f38-bf45-191f491d8073','{"img":"http://dummyimage.com/122x100.png/cc0000/ffffff","link":"http://dummyimage.com/249x100.png/5fa2dd/ffffff"}','2021-05-11 07:45:03','2021-11-09 13:16:09'),
    ('41dc4452-2d5e-410e-a13f-e0dc0faae1ee','Nulla tempus. Vivamus in felis eu sapien cursus vestibulum. Proin eu mi.','7f1fac27-ad23-4c29-bd8b-3bf39fea8a01','7b7f4f80-ee81-4ec7-8f26-e48657a42f84','{"img":"http://dummyimage.com/122x100.png/cc0000/ffffff","link":"http://dummyimage.com/249x100.png/5fa2dd/ffffff"}','2021-09-24 12:44:45','2022-02-05 08:17:43'),
    ('1ee451c1-042d-46df-9945-a8088036f4d4','Lorem ipsum dolor sit amet, consectetuer adipiscing elit. Proin risus. Praesent lectus. Vestibulum quam sapien, varius ut, blandit non, interdum in, ante. Vestibulum ante ipsum primis in faucibus orci luctus et ultrices posuere cubilia Curae; Duis faucibus accumsan odio.','1a2ea6e5-fb55-4582-9ff2-93f67fc09d91','5d08b2ca-ba56-49c7-b701-11393cfddadd','{"img":"http://dummyimage.com/122x100.png/cc0000/ffffff","link":"http://dummyimage.com/249x100.png/5fa2dd/ffffff"}','2021-09-22 01:31:14','2022-02-03 07:44:35'),
    ('9ee8934c-1dcb-43b9-af8e-fb8ec9d04cfc','Integer tincidunt ante vel ipsum.','6ca9271b-4ca0-48f7-8c9f-19854045927a','ac1ce5f5-b942-4c44-b689-3d545f1f0f5c','{"img":"http://dummyimage.com/122x100.png/cc0000/ffffff","link":"http://dummyimage.com/249x100.png/5fa2dd/ffffff"}','2021-10-14 19:17:08','2021-12-16 16:47:35'),
    ('2e8ae520-9579-4a7e-96a1-1b92f566fdea','Proin at turpis a pede posuere nonummy. Integer non velit. Donec diam neque, vestibulum eget, vulputate ut, ultrices vel, augue. Vestibulum ante ipsum primis in faucibus orci luctus et ultrices posuere cubilia Curae; Donec pharetra, magna vestibulum aliquet ultrices, erat tortor sollicitudin mi, sit amet lobortis sapien sapien non mi.','64ced4a1-0b93-458e-a5ef-fbdb1318b228','3ce7487d-d660-418d-aa42-b23f248eb77a','{"img":"http://dummyimage.com/122x100.png/cc0000/ffffff","link":"http://dummyimage.com/249x100.png/5fa2dd/ffffff"}','2021-09-10 20:25:00','2021-07-04 10:17:52'),
    ('8c00acf4-a9bb-4aca-a7fb-c76afa321c20','Suspendisse ornare consequat lectus. In est risus, auctor sed, tristique in, tempus sit amet, sem. Fusce consequat. Nulla nisl.','b675c298-6a59-401b-8ee0-8e0653c9189f','aeeb1261-8aa2-43a1-9bfc-f02eda403d69','{"img":"http://dummyimage.com/122x100.png/cc0000/ffffff","link":"http://dummyimage.com/249x100.png/5fa2dd/ffffff"}','2021-09-26 21:17:47','2021-08-28 05:51:15'),
    ('9da25cce-e3e5-4921-824d-b161b7aea631','Mauris lacinia sapien quis libero. Nullam sit amet turpis elementum ligula vehicula consequat. Morbi a ipsum. Integer a nibh. In quis justo.','4b17f831-eb11-4eb8-b931-66eb0a86ba6c','ac16cdb1-901e-4853-a3bb-09fd0285cf28','{"img":"http://dummyimage.com/122x100.png/cc0000/ffffff","link":"http://dummyimage.com/249x100.png/5fa2dd/ffffff"}','2021-05-30 16:33:42','2022-01-10 20:31:21'),
    ('db5c0eba-db52-4781-a9b8-e23841cacf5b','Donec quis orci eget orci vehicula condimentum. Curabitur in libero ut massa volutpat convallis. Morbi odio odio, elementum eu, interdum eu, tincidunt in, leo.','49d7352c-6977-48cd-9c14-8d7ef83f7101','7b7f4f80-ee81-4ec7-8f26-e48657a42f84','{"img":"http://dummyimage.com/122x100.png/cc0000/ffffff","link":"http://dummyimage.com/249x100.png/5fa2dd/ffffff"}','2021-12-06 06:34:19','2022-01-03 05:32:08'),
    ('ef300096-9e7b-42a1-a82d-9f8ed6dcf1d5','Nam congue, risus semper porta volutpat, quam pede lobortis ligula, sit amet eleifend pede libero quis orci. Nullam molestie nibh in lectus. Pellentesque at nulla.','3496f039-db88-4905-b697-04664598d7d1','64b95171-2f95-4dca-8668-96685f11ae51','{"img":"http://dummyimage.com/122x100.png/cc0000/ffffff","link":"http://dummyimage.com/249x100.png/5fa2dd/ffffff"}','2021-05-07 03:07:02','2021-04-11 05:57:34'),
    ('53b63a30-a99a-4e79-9375-28b3b17883fe','In congue. Etiam justo. Etiam pretium iaculis justo. In hac habitasse platea dictumst. Etiam faucibus cursus urna.','5445afc0-397d-41d8-8caf-db714ebdb306','4b2cd4db-5a15-4a2b-90a8-716a589844d1','{"img":"http://dummyimage.com/122x100.png/cc0000/ffffff","link":"http://dummyimage.com/249x100.png/5fa2dd/ffffff"}','2021-12-06 11:57:38','2021-07-12 18:50:24'),
    ('ac3ee43f-114c-4666-bd38-291d63416e86','Pellentesque ultrices mattis odio. Donec vitae nisi. Nam ultrices, libero non mattis pulvinar, nulla pede ullamcorper augue, a suscipit nulla elit ac nulla. Sed vel enim sit amet nunc viverra dapibus. Nulla suscipit ligula in lacus.','9a979c4c-b79b-435f-9176-18945fb3b42d','af3c3aa4-2fa1-48cd-9844-e1adc1e434d5','{"img":"http://dummyimage.com/122x100.png/cc0000/ffffff","link":"http://dummyimage.com/249x100.png/5fa2dd/ffffff"}','2021-12-25 12:47:07','2022-03-01 23:57:12'),
    ('8f0c69d2-ccb9-4ab7-bdc4-9b4bc55a05fb','Vestibulum ante ipsum primis in faucibus orci luctus et ultrices posuere cubilia Curae; Duis faucibus accumsan odio. Curabitur convallis. Duis consequat dui nec nisi volutpat eleifend.','07b4d988-be3c-438a-abec-5743c8778845','67bfbf6f-5d4e-46d0-8606-2a8de39428f6','{"img":"http://dummyimage.com/122x100.png/cc0000/ffffff","link":"http://dummyimage.com/249x100.png/5fa2dd/ffffff"}','2022-01-12 21:40:53','2021-04-01 07:09:27'),
    ('ba758b26-8941-41e2-a286-a4c0afabe450','Pellentesque viverra pede ac diam. Cras pellentesque volutpat dui. Maecenas tristique, est et tempus semper, est quam pharetra magna, ac consequat metus sapien ut nunc.','d6b58778-82cf-4d08-bd8c-cbbec3986685','86287938-cb26-4a34-8ab4-bc0e3e4221ed','{"img":"http://dummyimage.com/122x100.png/cc0000/ffffff","link":"http://dummyimage.com/249x100.png/5fa2dd/ffffff"}','2022-02-16 23:37:25','2021-08-09 23:45:18'),
    ('361788a0-bd84-42e0-a65a-4b59dc816d7e','Suspendisse potenti. Cras in purus eu magna vulputate luctus.','7926646f-b479-4416-9c0a-b180357b99ae','e04cc94c-77a7-4671-8e52-34eb1d781d57','{"img":"http://dummyimage.com/122x100.png/cc0000/ffffff","link":"http://dummyimage.com/249x100.png/5fa2dd/ffffff"}','2021-07-18 02:23:36','2021-08-24 21:44:42'),
    ('d3b8257b-77a3-4144-8d1f-c5233e6fe2bc','Ut tellus. Nulla ut erat id mauris vulputate elementum.','9461ae54-dd1e-4875-a443-e406184b4054','c392f44d-a8cd-4db4-9941-1dcff28de066','{"img":"http://dummyimage.com/122x100.png/cc0000/ffffff","link":"http://dummyimage.com/249x100.png/5fa2dd/ffffff"}','2021-07-09 18:58:24','2021-11-05 15:58:32'),
    ('099f0366-fc71-46a7-9c4a-b1f59e85bb40','Curabitur at ipsum ac tellus semper interdum. Mauris ullamcorper purus sit amet nulla. Quisque arcu libero, rutrum ac, lobortis vel, dapibus at, diam. Nam tristique tortor eu pede.','c946a3bc-b0dc-42f1-bcba-5618c1f8eab7','d5085326-ed91-4ae3-9421-fd3b45a3d4f4','{"img":"http://dummyimage.com/122x100.png/cc0000/ffffff","link":"http://dummyimage.com/249x100.png/5fa2dd/ffffff"}','2021-07-03 15:32:21','2022-02-23 04:29:40'),
    ('76660681-b181-46ba-baa1-23b6176e4011','Morbi a ipsum. Integer a nibh. In quis justo. Maecenas rhoncus aliquam lacus. Morbi quis tortor id nulla ultrices aliquet.','7fe7fac9-7acd-4536-8ee8-52e8888731cf','2ff0bc1a-e79b-4e84-acff-c9d62eb80656','{"img":"http://dummyimage.com/122x100.png/cc0000/ffffff","link":"http://dummyimage.com/249x100.png/5fa2dd/ffffff"}','2021-11-04 09:18:48','2021-03-22 00:29:55'),
    ('ddac04a7-f253-4421-b582-c4b16bf29528','Integer a nibh. In quis justo. Maecenas rhoncus aliquam lacus.','75aee298-89d1-4eed-9d65-487e52514ced','64b95171-2f95-4dca-8668-96685f11ae51','{"img":"http://dummyimage.com/122x100.png/cc0000/ffffff","link":"http://dummyimage.com/249x100.png/5fa2dd/ffffff"}','2021-08-25 08:32:35','2021-07-19 05:11:59'),
    ('0250adf4-c1d8-46df-9e71-1cd73512fef9','Proin eu mi. Nulla ac enim. In tempor, turpis nec euismod scelerisque, quam turpis adipiscing lorem, vitae mattis nibh ligula nec sem.','b1858803-2305-47f4-be67-1efc10a91da7','e04cc94c-77a7-4671-8e52-34eb1d781d57','{"img":"http://dummyimage.com/122x100.png/cc0000/ffffff","link":"http://dummyimage.com/249x100.png/5fa2dd/ffffff"}','2021-12-19 05:31:10','2021-03-26 10:07:43'),
    ('b1b6a937-0746-4d77-9d9b-144a19825ba4','Lorem ipsum dolor sit amet, consectetuer adipiscing elit. Proin interdum mauris non ligula pellentesque ultrices. Phasellus id sapien in sapien iaculis congue.','d6b58778-82cf-4d08-bd8c-cbbec3986685','7b7f4f80-ee81-4ec7-8f26-e48657a42f84','{"img":"http://dummyimage.com/122x100.png/cc0000/ffffff","link":"http://dummyimage.com/249x100.png/5fa2dd/ffffff"}','2021-07-22 03:34:34','2021-07-30 05:36:20'),
    ('b4a54b47-3005-4d97-9654-fabcb52ae40e','Curabitur at ipsum ac tellus semper interdum. Mauris ullamcorper purus sit amet nulla. Quisque arcu libero, rutrum ac, lobortis vel, dapibus at, diam. Nam tristique tortor eu pede.','1a2ea6e5-fb55-4582-9ff2-93f67fc09d91','3ce7487d-d660-418d-aa42-b23f248eb77a','{"img":"http://dummyimage.com/122x100.png/cc0000/ffffff","link":"http://dummyimage.com/249x100.png/5fa2dd/ffffff"}','2021-10-17 23:00:07','2021-07-30 21:51:36'),
    ('910e81ee-e265-4042-94ef-42a2ba20dd5e','Nulla tellus. In sagittis dui vel nisl.','0ef1f7a8-f059-44e6-a1bf-4ff8a9c31c16','1c99a293-9a6c-40b2-a079-9019e91f8a8b','{"img":"http://dummyimage.com/122x100.png/cc0000/ffffff","link":"http://dummyimage.com/249x100.png/5fa2dd/ffffff"}','2021-04-19 10:08:22','2021-10-03 03:43:43'),
    ('fd10a36b-ec4b-4ff6-b13a-76bb6f1f78dc','Cras in purus eu magna vulputate luctus. Cum sociis natoque penatibus et magnis dis parturient montes, nascetur ridiculus mus. Vivamus vestibulum sagittis sapien.','d0198016-7bb6-40be-ad3f-16d28f1af30d','0f8b6cbe-a912-4410-9009-75543133a9c4','{"img":"http://dummyimage.com/122x100.png/cc0000/ffffff","link":"http://dummyimage.com/249x100.png/5fa2dd/ffffff"}','2021-04-16 03:09:16','2021-04-03 08:09:56'),
    ('a81db7cf-1830-4447-8824-7b2c5229b576','Curabitur at ipsum ac tellus semper interdum. Mauris ullamcorper purus sit amet nulla. Quisque arcu libero, rutrum ac, lobortis vel, dapibus at, diam. Nam tristique tortor eu pede.','3c8c7139-9e1a-4b72-b3d6-6f1eaae8b5f2','abb18196-937c-483a-a7c5-f77337c14f8b','{"img":"http://dummyimage.com/122x100.png/cc0000/ffffff","link":"http://dummyimage.com/249x100.png/5fa2dd/ffffff"}','2021-12-21 05:47:12','2021-08-18 21:14:07'),
    ('55d1f9f8-ee79-4de2-bdb5-40df4f66804a','Vestibulum ante ipsum primis in faucibus orci luctus et ultrices posuere cubilia Curae; Nulla dapibus dolor vel est. Donec odio justo, sollicitudin ut, suscipit a, feugiat et, eros. Vestibulum ac est lacinia nisi venenatis tristique.','76a79f9c-a15f-48d9-8751-cedd2bb9c6e4','9284a9d3-52fc-4886-8828-023c2c10f856','{"img":"http://dummyimage.com/122x100.png/cc0000/ffffff","link":"http://dummyimage.com/249x100.png/5fa2dd/ffffff"}','2022-02-13 11:49:14','2021-12-29 02:25:28'),
    ('5b507e1a-5638-4fd1-b2f0-4c41581118d5','Pellentesque eget nunc.','00ff2bb1-fd5d-4ed1-b0f8-89a4f3b4c232','495daecf-ec34-4b7b-ae4a-e3bd63792123','{"img":"http://dummyimage.com/122x100.png/cc0000/ffffff","link":"http://dummyimage.com/249x100.png/5fa2dd/ffffff"}','2021-08-26 04:00:56','2021-06-02 12:18:58'),
    ('d2cd2bee-ce3e-4a75-837f-682514801a2c','Quisque porta volutpat erat. Quisque erat eros, viverra eget, congue eget, semper rutrum, nulla.','3e34094d-17bc-4000-9433-6cebe970b480','f52e8a88-92ad-49b6-90c5-b4dafcd79572','{"img":"http://dummyimage.com/122x100.png/cc0000/ffffff","link":"http://dummyimage.com/249x100.png/5fa2dd/ffffff"}','2021-09-13 18:38:17','2022-01-01 00:51:30'),
    ('22640135-39ae-4c2c-8c97-98072d25db83','Integer ac neque. Duis bibendum.','75aee298-89d1-4eed-9d65-487e52514ced','2ff0bc1a-e79b-4e84-acff-c9d62eb80656','{"img":"http://dummyimage.com/122x100.png/cc0000/ffffff","link":"http://dummyimage.com/249x100.png/5fa2dd/ffffff"}','2022-02-13 21:15:32','2021-07-08 12:03:04'),
    ('7b67bc53-2e35-4abb-baf9-7d6082f0018d','Phasellus id sapien in sapien iaculis congue.','6ca9271b-4ca0-48f7-8c9f-19854045927a','ac1ce5f5-b942-4c44-b689-3d545f1f0f5c','{"img":"http://dummyimage.com/122x100.png/cc0000/ffffff","link":"http://dummyimage.com/249x100.png/5fa2dd/ffffff"}','2021-07-09 23:41:37','2021-08-21 15:57:46'),
    ('8e995104-d77c-4372-983e-5ab1cb55ec16','Duis consequat dui nec nisi volutpat eleifend. Donec ut dolor.','228902af-a3fa-4c17-8ad7-333b46fb4d4f','64b95171-2f95-4dca-8668-96685f11ae51','{"img":"http://dummyimage.com/122x100.png/cc0000/ffffff","link":"http://dummyimage.com/249x100.png/5fa2dd/ffffff"}','2021-10-29 04:31:28','2021-06-07 10:51:10'),
    ('8c775f9b-fd5b-442f-b6d6-ebb45cda8358','Integer tincidunt ante vel ipsum. Praesent blandit lacinia erat.','2c217c03-f183-48f5-b7f4-a243af6a10a3','db2dba7a-4da7-48fe-9ab8-4f47e0ee7b9a','{"img":"http://dummyimage.com/122x100.png/cc0000/ffffff","link":"http://dummyimage.com/249x100.png/5fa2dd/ffffff"}','2022-02-10 05:03:07','2021-10-16 10:49:06'),
    ('e42c5f07-39ef-4906-a48d-253da7fc1e4b','Fusce lacus purus, aliquet at, feugiat non, pretium quis, lectus. Suspendisse potenti.','81411042-ae09-47f1-a96c-e3a872b2d0ef','c392f44d-a8cd-4db4-9941-1dcff28de066','{"img":"http://dummyimage.com/122x100.png/cc0000/ffffff","link":"http://dummyimage.com/249x100.png/5fa2dd/ffffff"}','2022-01-10 06:39:59','2021-12-08 17:32:06'),
    ('50cb5045-3883-4832-a713-71e2bc764904','Integer a nibh.','bcec57ca-3c40-43d6-be87-0fe1aae1a1bf','1590272b-2f38-4d59-9f49-fe0dde3e2ea1','{"img":"http://dummyimage.com/122x100.png/cc0000/ffffff","link":"http://dummyimage.com/249x100.png/5fa2dd/ffffff"}','2021-05-12 05:33:45','2022-01-28 01:41:42'),
    ('5f70fe2d-d92b-407f-8fcc-22fbf4e802fd','Vestibulum ante ipsum primis in faucibus orci luctus et ultrices posuere cubilia Curae; Mauris viverra diam vitae quam. Suspendisse potenti.','edeeb3da-d81a-43f2-a311-6797a414732e','66b30478-5dc7-4f08-abda-e3509f1d4392','{"img":"http://dummyimage.com/122x100.png/cc0000/ffffff","link":"http://dummyimage.com/249x100.png/5fa2dd/ffffff"}','2022-03-05 11:23:43','2022-01-16 01:04:18'),
    ('fb0fdfa7-2b12-41a1-99ec-335bd29033f6','Quisque erat eros, viverra eget, congue eget, semper rutrum, nulla. Nunc purus.','5356dbd6-f0e7-468a-b1c9-e56c28f7d223','2988b9d5-6472-4aa3-ac62-109df8f05952','{"img":"http://dummyimage.com/122x100.png/cc0000/ffffff","link":"http://dummyimage.com/249x100.png/5fa2dd/ffffff"}','2022-02-04 20:28:32','2021-06-25 12:49:02'),
    ('da8eb5e3-bc42-4190-a23d-d6cafc4fcb95','Etiam pretium iaculis justo. In hac habitasse platea dictumst.','b791f1fc-9ad3-4570-8b01-8e1586ac4e75','2ff0bc1a-e79b-4e84-acff-c9d62eb80656','{"img":"http://dummyimage.com/122x100.png/cc0000/ffffff","link":"http://dummyimage.com/249x100.png/5fa2dd/ffffff"}','2022-03-02 14:40:58','2022-01-06 09:48:37'),
    ('44e81fea-8724-456c-b882-ba231573345e','Integer ac neque. Duis bibendum. Morbi non quam nec dui luctus rutrum.','81411042-ae09-47f1-a96c-e3a872b2d0ef','238bc285-9c03-43fe-9d15-e9870f507336','{"img":"http://dummyimage.com/122x100.png/cc0000/ffffff","link":"http://dummyimage.com/249x100.png/5fa2dd/ffffff"}','2022-01-05 06:12:57','2021-12-13 06:37:37'),
    ('872f7350-e6f3-4574-a9cf-738220938c85','Nunc purus. Phasellus in felis.','7bf69c64-9b49-4742-8919-9a29d946f8d2','59d41132-b443-46eb-bb0f-0da3a9e216ac','{"img":"http://dummyimage.com/122x100.png/cc0000/ffffff","link":"http://dummyimage.com/249x100.png/5fa2dd/ffffff"}','2021-11-12 21:00:14','2022-01-23 13:02:32'),
    ('60da8d80-39d0-478e-bd60-db75d006f0ba','In blandit ultrices enim. Lorem ipsum dolor sit amet, consectetuer adipiscing elit. Proin interdum mauris non ligula pellentesque ultrices. Phasellus id sapien in sapien iaculis congue. Vivamus metus arcu, adipiscing molestie, hendrerit at, vulputate vitae, nisl.','b675c298-6a59-401b-8ee0-8e0653c9189f','c91fd437-d692-4d7b-8b9a-19b5bed54a42','{"img":"http://dummyimage.com/122x100.png/cc0000/ffffff","link":"http://dummyimage.com/249x100.png/5fa2dd/ffffff"}','2021-06-30 01:49:57','2021-04-19 14:42:35'),
    ('49c5172b-ccff-401b-a132-fe71f3767809','Integer a nibh.','7926646f-b479-4416-9c0a-b180357b99ae','0e37cc70-1961-452a-bb0f-84585d6c12dc','{"img":"http://dummyimage.com/122x100.png/cc0000/ffffff","link":"http://dummyimage.com/249x100.png/5fa2dd/ffffff"}','2021-09-03 15:50:28','2021-07-24 23:37:05'),
    ('d3a7aa35-d9a5-479b-aa8d-938dc6b5ba42','Praesent blandit lacinia erat. Vestibulum sed magna at nunc commodo placerat. Praesent blandit.','ca6faf36-8695-4d89-957b-91cd2fd03850','fb9a222c-0e90-42ba-a697-fefbccc53b5c','{"img":"http://dummyimage.com/122x100.png/cc0000/ffffff","link":"http://dummyimage.com/249x100.png/5fa2dd/ffffff"}','2021-09-18 08:22:38','2022-02-17 00:33:55'),
    ('2837b76e-62a2-4632-8093-8f4e28ad9344','Vivamus metus arcu, adipiscing molestie, hendrerit at, vulputate vitae, nisl. Aenean lectus. Pellentesque eget nunc. Donec quis orci eget orci vehicula condimentum. Curabitur in libero ut massa volutpat convallis.','f33d43ec-ee7d-4341-9cb2-34fc6c6997c3','ac16cdb1-901e-4853-a3bb-09fd0285cf28','{"img":"http://dummyimage.com/122x100.png/cc0000/ffffff","link":"http://dummyimage.com/249x100.png/5fa2dd/ffffff"}','2021-08-06 01:45:18','2021-12-05 10:55:00'),
    ('59536189-19fd-4c98-8501-2545ace6d1ab','Sed sagittis. Nam congue, risus semper porta volutpat, quam pede lobortis ligula, sit amet eleifend pede libero quis orci. Nullam molestie nibh in lectus. Pellentesque at nulla. Suspendisse potenti.','7bf69c64-9b49-4742-8919-9a29d946f8d2','c392f44d-a8cd-4db4-9941-1dcff28de066','{"img":"http://dummyimage.com/122x100.png/cc0000/ffffff","link":"http://dummyimage.com/249x100.png/5fa2dd/ffffff"}','2021-04-16 09:36:06','2021-11-13 06:33:26'),
    ('e9141de2-985a-4385-81a9-9553a23f9b2f','Vestibulum sed magna at nunc commodo placerat. Praesent blandit. Nam nulla.','f377662a-9d55-4c88-b8a1-2334fd9bba48','1c99a293-9a6c-40b2-a079-9019e91f8a8b','{"img":"http://dummyimage.com/122x100.png/cc0000/ffffff","link":"http://dummyimage.com/249x100.png/5fa2dd/ffffff"}','2021-10-31 00:46:28','2021-12-02 06:17:18'),
    ('4d4ccfd4-3afa-4f2c-bda5-39f807241a36','Donec ut mauris eget massa tempor convallis. Nulla neque libero, convallis eget, eleifend luctus, ultricies eu, nibh. Quisque id justo sit amet sapien dignissim vestibulum. Vestibulum ante ipsum primis in faucibus orci luctus et ultrices posuere cubilia Curae; Nulla dapibus dolor vel est. Donec odio justo, sollicitudin ut, suscipit a, feugiat et, eros.','d9f5268f-7774-430d-a3f5-81a62632d64a','e95302fb-a2b9-4602-8f45-f5ad0da0c76f','{"img":"http://dummyimage.com/122x100.png/cc0000/ffffff","link":"http://dummyimage.com/249x100.png/5fa2dd/ffffff"}','2021-12-07 08:25:57','2022-01-19 11:44:58'),
    ('28c88e26-ac59-44de-b1fe-0e6dfecf78e2','Aenean sit amet justo. Morbi ut odio.','79255e4e-c705-4ab9-bdc3-3b3afcddbd62','59d41132-b443-46eb-bb0f-0da3a9e216ac','{"img":"http://dummyimage.com/122x100.png/cc0000/ffffff","link":"http://dummyimage.com/249x100.png/5fa2dd/ffffff"}','2021-08-25 19:54:56','2021-04-04 19:41:34'),
    ('b1ffb1e6-2f26-41f3-80f4-daa10cce89d4','Proin at turpis a pede posuere nonummy. Integer non velit.','6fce731d-b79d-418c-8689-2a79b21efe27','5d08b2ca-ba56-49c7-b701-11393cfddadd','{"img":"http://dummyimage.com/122x100.png/cc0000/ffffff","link":"http://dummyimage.com/249x100.png/5fa2dd/ffffff"}','2021-08-15 16:57:14','2021-08-06 17:04:53'),
    ('2089daae-05e1-42a9-b507-174d788edf61','Maecenas tristique, est et tempus semper, est quam pharetra magna, ac consequat metus sapien ut nunc. Vestibulum ante ipsum primis in faucibus orci luctus et ultrices posuere cubilia Curae; Mauris viverra diam vitae quam. Suspendisse potenti. Nullam porttitor lacus at turpis. Donec posuere metus vitae ipsum.','44cd4a5f-e607-4636-b56f-fe970dd01063','bbf1023a-d150-4f38-bf45-191f491d8073','{"img":"http://dummyimage.com/122x100.png/cc0000/ffffff","link":"http://dummyimage.com/249x100.png/5fa2dd/ffffff"}','2021-11-27 23:13:44','2022-03-03 14:54:19'),
    ('98bd18ea-5f80-4993-a1f0-caf12d7e45b2','Fusce consequat.','3496f039-db88-4905-b697-04664598d7d1','af3c3aa4-2fa1-48cd-9844-e1adc1e434d5','{"img":"http://dummyimage.com/122x100.png/cc0000/ffffff","link":"http://dummyimage.com/249x100.png/5fa2dd/ffffff"}','2021-10-05 03:31:11','2021-08-30 15:55:52'),
    ('c35df2ee-32ee-49b1-b35a-a8ffa956b884','In hac habitasse platea dictumst. Etiam faucibus cursus urna. Ut tellus. Nulla ut erat id mauris vulputate elementum.','f33d43ec-ee7d-4341-9cb2-34fc6c6997c3','238bc285-9c03-43fe-9d15-e9870f507336','{"img":"http://dummyimage.com/122x100.png/cc0000/ffffff","link":"http://dummyimage.com/249x100.png/5fa2dd/ffffff"}','2021-11-03 18:07:14','2022-02-10 23:32:34'),
    ('13e38ce8-610f-4271-9c26-5454c9dc64d6','Praesent id massa id nisl venenatis lacinia.','10377985-e1a0-47df-b7f6-543217b0df44','59d41132-b443-46eb-bb0f-0da3a9e216ac','{"img":"http://dummyimage.com/122x100.png/cc0000/ffffff","link":"http://dummyimage.com/249x100.png/5fa2dd/ffffff"}','2021-05-02 09:45:59','2021-04-16 03:04:43'),
    ('9e4e4a26-147b-4236-8f5e-ee8b8550d2d0','Ut tellus.','1190e0fc-524f-4c32-a087-4bed56091978','1590272b-2f38-4d59-9f49-fe0dde3e2ea1','{"img":"http://dummyimage.com/122x100.png/cc0000/ffffff","link":"http://dummyimage.com/249x100.png/5fa2dd/ffffff"}','2021-03-23 18:30:05','2021-11-26 10:19:04'),
    ('86ed4e30-fa30-4ef2-aace-d76c2a5a5f99','Pellentesque eget nunc. Donec quis orci eget orci vehicula condimentum.','44cd4a5f-e607-4636-b56f-fe970dd01063','3ce7487d-d660-418d-aa42-b23f248eb77a','{"img":"http://dummyimage.com/122x100.png/cc0000/ffffff","link":"http://dummyimage.com/249x100.png/5fa2dd/ffffff"}','2021-08-25 06:42:29','2022-02-13 17:11:03'),
    ('ca726d0a-4dd2-4437-9137-54e32c4f5998','Nulla ut erat id mauris vulputate elementum. Nullam varius.','31ded9c2-8789-42e7-a963-bbd2b26980fa','f61960c7-9817-4bc4-a02a-43af3ebb3d41','{"img":"http://dummyimage.com/122x100.png/cc0000/ffffff","link":"http://dummyimage.com/249x100.png/5fa2dd/ffffff"}','2022-01-18 18:13:37','2021-04-16 13:03:31'),
    ('7ee20e1f-e0b5-4734-b1d0-5e075ac7e5d6','In congue. Etiam justo. Etiam pretium iaculis justo.','ed9c713c-d42c-48c3-9571-249b79ab7698','fb9a222c-0e90-42ba-a697-fefbccc53b5c','{"img":"http://dummyimage.com/122x100.png/cc0000/ffffff","link":"http://dummyimage.com/249x100.png/5fa2dd/ffffff"}','2022-02-07 06:07:36','2021-05-23 16:16:43'),
    ('4650aa12-9c80-4732-97d5-e6031a324e6c','Sed ante. Vivamus tortor. Duis mattis egestas metus. Aenean fermentum.','9d7761ea-17a7-483b-b0c5-ff740cfc74c1','f52e8a88-92ad-49b6-90c5-b4dafcd79572','{"img":"http://dummyimage.com/122x100.png/cc0000/ffffff","link":"http://dummyimage.com/249x100.png/5fa2dd/ffffff"}','2021-09-17 14:07:47','2021-09-13 06:00:51'),
    ('f4ace5e3-29d5-4e0d-aa34-f58726130e78','Praesent blandit lacinia erat. Vestibulum sed magna at nunc commodo placerat. Praesent blandit. Nam nulla. Integer pede justo, lacinia eget, tincidunt eget, tempus vel, pede.','f6a35b75-569e-4b81-b424-3d29196b99c6','0447ff47-e257-4bfc-b1a6-913a2c6cbd79','{"img":"http://dummyimage.com/122x100.png/cc0000/ffffff","link":"http://dummyimage.com/249x100.png/5fa2dd/ffffff"}','2021-12-06 16:03:31','2021-09-12 04:23:27'),
    ('9f69d812-8ac7-41c6-aa87-0b0ef13f76d8','Praesent blandit. Nam nulla.','6da7e20a-3e72-4c06-9385-57a398150d30','e95302fb-a2b9-4602-8f45-f5ad0da0c76f','{"img":"http://dummyimage.com/122x100.png/cc0000/ffffff","link":"http://dummyimage.com/249x100.png/5fa2dd/ffffff"}','2021-06-27 08:47:07','2022-03-04 10:46:33'),
    ('a070be99-b403-432a-a8c3-04621c9d2093','Curabitur convallis.','76a79f9c-a15f-48d9-8751-cedd2bb9c6e4','0f8b6cbe-a912-4410-9009-75543133a9c4','{"img":"http://dummyimage.com/122x100.png/cc0000/ffffff","link":"http://dummyimage.com/249x100.png/5fa2dd/ffffff"}','2021-07-25 01:35:19','2021-05-15 00:06:12'),
    ('7e211704-3f87-4527-ade7-f5e17a3a101e','Aenean auctor gravida sem. Praesent id massa id nisl venenatis lacinia. Aenean sit amet justo. Morbi ut odio. Cras mi pede, malesuada in, imperdiet et, commodo vulputate, justo.','228902af-a3fa-4c17-8ad7-333b46fb4d4f','3012806e-24bd-4e57-99f7-ece95d6db6e6','{"img":"http://dummyimage.com/122x100.png/cc0000/ffffff","link":"http://dummyimage.com/249x100.png/5fa2dd/ffffff"}','2021-06-13 02:37:29','2021-05-31 04:48:26'),
    ('6dd6dffd-756d-4701-8b8e-a5bb882155cb','In tempor, turpis nec euismod scelerisque, quam turpis adipiscing lorem, vitae mattis nibh ligula nec sem. Duis aliquam convallis nunc. Proin at turpis a pede posuere nonummy.','f29dab02-dc2a-4d09-bfb3-5b9aa46e6edf','5ec1d23c-5e1b-4f7b-bf72-5681373c8814','{"img":"http://dummyimage.com/122x100.png/cc0000/ffffff","link":"http://dummyimage.com/249x100.png/5fa2dd/ffffff"}','2021-03-31 11:31:54','2021-04-20 00:34:37'),
    ('43ac2432-2794-4121-8e1b-58c320b8f3ae','Donec dapibus. Duis at velit eu est congue elementum. In hac habitasse platea dictumst. Morbi vestibulum, velit id pretium iaculis, diam erat fermentum justo, nec condimentum neque sapien placerat ante.','1214db4d-2296-4c83-9785-36ebd9d89d4f','495daecf-ec34-4b7b-ae4a-e3bd63792123','{"img":"http://dummyimage.com/122x100.png/cc0000/ffffff","link":"http://dummyimage.com/249x100.png/5fa2dd/ffffff"}','2021-08-24 09:32:24','2021-06-03 23:13:24'),
    ('36534cf1-5a92-4e4b-a751-7e1e787d0d6d','In hac habitasse platea dictumst.','00ff2bb1-fd5d-4ed1-b0f8-89a4f3b4c232','af3c3aa4-2fa1-48cd-9844-e1adc1e434d5','{"img":"http://dummyimage.com/122x100.png/cc0000/ffffff","link":"http://dummyimage.com/249x100.png/5fa2dd/ffffff"}','2021-12-22 14:01:35','2022-02-25 16:20:47'),
    ('ab28e4d6-8678-4fee-aa7d-20c0745be704','Phasellus id sapien in sapien iaculis congue. Vivamus metus arcu, adipiscing molestie, hendrerit at, vulputate vitae, nisl. Aenean lectus. Pellentesque eget nunc. Donec quis orci eget orci vehicula condimentum.','c946a3bc-b0dc-42f1-bcba-5618c1f8eab7','695c1232-329d-4436-b9d0-55d4ab8e7d89','{"img":"http://dummyimage.com/122x100.png/cc0000/ffffff","link":"http://dummyimage.com/249x100.png/5fa2dd/ffffff"}','2021-11-26 19:12:35','2021-07-06 00:55:10'),
    ('9b2a6629-7300-4530-838c-71aecc913dd7','Cras in purus eu magna vulputate luctus. Cum sociis natoque penatibus et magnis dis parturient montes, nascetur ridiculus mus.','75aee298-89d1-4eed-9d65-487e52514ced','af3c3aa4-2fa1-48cd-9844-e1adc1e434d5','{"img":"http://dummyimage.com/122x100.png/cc0000/ffffff","link":"http://dummyimage.com/249x100.png/5fa2dd/ffffff"}','2021-09-05 07:33:56','2021-03-26 22:37:36'),
    ('9a492247-150b-4e6a-806c-a504d5f49b9a','Fusce consequat. Nulla nisl. Nunc nisl. Duis bibendum, felis sed interdum venenatis, turpis enim blandit mi, in porttitor pede justo eu massa.','9461ae54-dd1e-4875-a443-e406184b4054','1c99a293-9a6c-40b2-a079-9019e91f8a8b','{"img":"http://dummyimage.com/122x100.png/cc0000/ffffff","link":"http://dummyimage.com/249x100.png/5fa2dd/ffffff"}','2022-02-12 13:25:07','2021-06-03 17:36:31'),
    ('97911031-ba9b-4d82-bb9e-c6b8ee7aa2b5','Etiam justo. Etiam pretium iaculis justo. In hac habitasse platea dictumst. Etiam faucibus cursus urna. Ut tellus.','5356dbd6-f0e7-468a-b1c9-e56c28f7d223','af3c3aa4-2fa1-48cd-9844-e1adc1e434d5','{"img":"http://dummyimage.com/122x100.png/cc0000/ffffff","link":"http://dummyimage.com/249x100.png/5fa2dd/ffffff"}','2021-11-09 09:09:59','2022-02-21 21:14:44'),
    ('13002cd2-be9a-4ad3-98f0-ec91a8b8414c','Cum sociis natoque penatibus et magnis dis parturient montes, nascetur ridiculus mus. Vivamus vestibulum sagittis sapien. Cum sociis natoque penatibus et magnis dis parturient montes, nascetur ridiculus mus.','f29dab02-dc2a-4d09-bfb3-5b9aa46e6edf','5ba7bb12-b4d8-4af0-a9ca-c45537e4bae6','{"img":"http://dummyimage.com/122x100.png/cc0000/ffffff","link":"http://dummyimage.com/249x100.png/5fa2dd/ffffff"}','2021-11-03 15:18:27','2021-07-28 10:27:10'),
    ('8185ac5a-c888-4be2-bb67-2788f15d162a','Duis at velit eu est congue elementum. In hac habitasse platea dictumst.','f7beb32d-b167-4e89-8b8b-f2d224b66b14','7be3efde-34b1-4cc8-a52f-1429bdee413b','{"img":"http://dummyimage.com/122x100.png/cc0000/ffffff","link":"http://dummyimage.com/249x100.png/5fa2dd/ffffff"}','2021-08-05 23:33:04','2021-04-25 03:51:47'),
    ('e256067f-5a7d-4076-87bc-0384ddbc30b3','Mauris enim leo, rhoncus sed, vestibulum sit amet, cursus id, turpis. Integer aliquet, massa id lobortis convallis, tortor risus dapibus augue, vel accumsan tellus nisi eu orci.','00ff2bb1-fd5d-4ed1-b0f8-89a4f3b4c232','abb18196-937c-483a-a7c5-f77337c14f8b','{"img":"http://dummyimage.com/122x100.png/cc0000/ffffff","link":"http://dummyimage.com/249x100.png/5fa2dd/ffffff"}','2021-10-31 07:54:43','2021-12-29 13:09:56'),
    ('74e56423-e1a0-43f6-965f-0a490cc68d6a','Morbi quis tortor id nulla ultrices aliquet.','f12b5395-9f2c-4c9c-a5f1-50549341226f','64b95171-2f95-4dca-8668-96685f11ae51','{"img":"http://dummyimage.com/122x100.png/cc0000/ffffff","link":"http://dummyimage.com/249x100.png/5fa2dd/ffffff"}','2021-10-30 08:50:02','2021-05-28 02:46:16'),
    ('faffe2dd-549d-492a-a94e-9178221b4cb2','In hac habitasse platea dictumst. Etiam faucibus cursus urna. Ut tellus. Nulla ut erat id mauris vulputate elementum. Nullam varius.','1f6ad9e7-4378-49ee-836a-75ccc06e4add','1590272b-2f38-4d59-9f49-fe0dde3e2ea1','{"img":"http://dummyimage.com/122x100.png/cc0000/ffffff","link":"http://dummyimage.com/249x100.png/5fa2dd/ffffff"}','2021-07-09 23:01:50','2021-08-18 06:09:53'),
    ('26f9e162-c88d-4dbb-a52c-30e6ded5b219','Proin interdum mauris non ligula pellentesque ultrices. Phasellus id sapien in sapien iaculis congue. Vivamus metus arcu, adipiscing molestie, hendrerit at, vulputate vitae, nisl. Aenean lectus. Pellentesque eget nunc.','49d7352c-6977-48cd-9c14-8d7ef83f7101','bf8bad28-adb8-4f8c-ad04-d6537018780a','{"img":"http://dummyimage.com/122x100.png/cc0000/ffffff","link":"http://dummyimage.com/249x100.png/5fa2dd/ffffff"}','2021-10-21 09:10:24','2021-11-07 15:01:56'),
    ('d2895317-150e-4bd5-9ded-ccf908b0b88e','In tempor, turpis nec euismod scelerisque, quam turpis adipiscing lorem, vitae mattis nibh ligula nec sem. Duis aliquam convallis nunc. Proin at turpis a pede posuere nonummy. Integer non velit. Donec diam neque, vestibulum eget, vulputate ut, ultrices vel, augue.','afcdfb56-1c7c-4cb8-acbc-524b53aa8ab0','1590272b-2f38-4d59-9f49-fe0dde3e2ea1','{"img":"http://dummyimage.com/122x100.png/cc0000/ffffff","link":"http://dummyimage.com/249x100.png/5fa2dd/ffffff"}','2021-06-02 16:18:26','2021-04-30 21:41:56'),
    ('f13b06b0-dcf4-4496-9bb3-3791178bf856','Etiam vel augue. Vestibulum rutrum rutrum neque.','1a2ea6e5-fb55-4582-9ff2-93f67fc09d91','1590272b-2f38-4d59-9f49-fe0dde3e2ea1','{"img":"http://dummyimage.com/122x100.png/cc0000/ffffff","link":"http://dummyimage.com/249x100.png/5fa2dd/ffffff"}','2021-07-01 09:53:15','2021-09-17 22:04:25'),
    ('fe162f9e-78ae-4f7a-a478-3ab81f6e3a09','Nunc nisl. Duis bibendum, felis sed interdum venenatis, turpis enim blandit mi, in porttitor pede justo eu massa. Donec dapibus.','c946a3bc-b0dc-42f1-bcba-5618c1f8eab7','67bfbf6f-5d4e-46d0-8606-2a8de39428f6','{"img":"http://dummyimage.com/122x100.png/cc0000/ffffff","link":"http://dummyimage.com/249x100.png/5fa2dd/ffffff"}','2021-06-24 13:44:45','2021-12-12 22:48:25'),
    ('72003d72-0801-44d1-9b49-a4c9a654f4a8','Lorem ipsum dolor sit amet, consectetuer adipiscing elit. Proin interdum mauris non ligula pellentesque ultrices.','afcdfb56-1c7c-4cb8-acbc-524b53aa8ab0','943dc7f8-ee9b-48c1-9296-86b9a74d5852','{"img":"http://dummyimage.com/122x100.png/cc0000/ffffff","link":"http://dummyimage.com/249x100.png/5fa2dd/ffffff"}','2021-04-22 14:32:22','2021-06-28 21:49:13'),
    ('63e00a91-d68c-4e81-b6af-6f87964e53ef','Maecenas ut massa quis augue luctus tincidunt. Nulla mollis molestie lorem. Quisque ut erat. Curabitur gravida nisi at nibh. In hac habitasse platea dictumst.','33732ec8-d255-40b3-bde0-fa30c63fde2a','0447ff47-e257-4bfc-b1a6-913a2c6cbd79','{"img":"http://dummyimage.com/122x100.png/cc0000/ffffff","link":"http://dummyimage.com/249x100.png/5fa2dd/ffffff"}','2021-07-09 10:43:18','2021-11-24 23:43:06'),
    ('808eac84-4ff7-4b7a-ad93-751a740de439','Praesent id massa id nisl venenatis lacinia. Aenean sit amet justo. Morbi ut odio. Cras mi pede, malesuada in, imperdiet et, commodo vulputate, justo.','4b17f831-eb11-4eb8-b931-66eb0a86ba6c','64b95171-2f95-4dca-8668-96685f11ae51','{"img":"http://dummyimage.com/122x100.png/cc0000/ffffff","link":"http://dummyimage.com/249x100.png/5fa2dd/ffffff"}','2022-01-07 18:47:23','2021-08-27 20:23:52'),
    ('ee227323-171e-4dc8-bc2d-404892adb123','Duis mattis egestas metus. Aenean fermentum. Donec ut mauris eget massa tempor convallis.','ca6faf36-8695-4d89-957b-91cd2fd03850','af3c3aa4-2fa1-48cd-9844-e1adc1e434d5','{"img":"http://dummyimage.com/122x100.png/cc0000/ffffff","link":"http://dummyimage.com/249x100.png/5fa2dd/ffffff"}','2022-03-09 10:44:21','2021-08-17 00:38:38'),
    ('7ce8bc0f-4eb3-4831-b5cf-da97b1aa979a','Vestibulum ante ipsum primis in faucibus orci luctus et ultrices posuere cubilia Curae; Duis faucibus accumsan odio. Curabitur convallis. Duis consequat dui nec nisi volutpat eleifend. Donec ut dolor.','31dd4535-7e98-417d-80ca-f436104d841d','af3c3aa4-2fa1-48cd-9844-e1adc1e434d5','{"img":"http://dummyimage.com/122x100.png/cc0000/ffffff","link":"http://dummyimage.com/249x100.png/5fa2dd/ffffff"}','2021-10-16 14:42:43','2021-11-22 07:34:37'),
    ('2a2b8a09-8cef-4d9b-bef3-cf7ae597cd5b','Vivamus tortor. Duis mattis egestas metus. Aenean fermentum. Donec ut mauris eget massa tempor convallis. Nulla neque libero, convallis eget, eleifend luctus, ultricies eu, nibh.','00ff2bb1-fd5d-4ed1-b0f8-89a4f3b4c232','4b2cd4db-5a15-4a2b-90a8-716a589844d1','{"img":"http://dummyimage.com/122x100.png/cc0000/ffffff","link":"http://dummyimage.com/249x100.png/5fa2dd/ffffff"}','2022-01-22 04:00:18','2022-01-27 17:52:33'),
    ('7b33ef26-d7b4-44a8-97e2-9aa913e104cf','Cras pellentesque volutpat dui.','5445afc0-397d-41d8-8caf-db714ebdb306','af3c3aa4-2fa1-48cd-9844-e1adc1e434d5','{"img":"http://dummyimage.com/122x100.png/cc0000/ffffff","link":"http://dummyimage.com/249x100.png/5fa2dd/ffffff"}','2021-05-14 05:06:59','2021-10-12 08:10:08'),
    ('e1184e17-8421-41f2-94da-73a406cd6c22','Pellentesque eget nunc.','31dd4535-7e98-417d-80ca-f436104d841d','0e37cc70-1961-452a-bb0f-84585d6c12dc','{"img":"http://dummyimage.com/122x100.png/cc0000/ffffff","link":"http://dummyimage.com/249x100.png/5fa2dd/ffffff"}','2022-01-15 00:53:46','2021-05-12 22:16:24'),
    ('6dadb29d-4445-48aa-9ca2-dbe8df521c6d','In eleifend quam a odio. In hac habitasse platea dictumst.','1a2ea6e5-fb55-4582-9ff2-93f67fc09d91','5ec1d23c-5e1b-4f7b-bf72-5681373c8814','{"img":"http://dummyimage.com/122x100.png/cc0000/ffffff","link":"http://dummyimage.com/249x100.png/5fa2dd/ffffff"}','2021-04-13 12:04:49','2021-09-05 10:26:51'),
    ('44f3fa68-e3d9-4651-bd05-b5d23d30e32b','Curabitur convallis. Duis consequat dui nec nisi volutpat eleifend. Donec ut dolor. Morbi vel lectus in quam fringilla rhoncus. Mauris enim leo, rhoncus sed, vestibulum sit amet, cursus id, turpis.','1f6ad9e7-4378-49ee-836a-75ccc06e4add','7b7f4f80-ee81-4ec7-8f26-e48657a42f84','{"img":"http://dummyimage.com/122x100.png/cc0000/ffffff","link":"http://dummyimage.com/249x100.png/5fa2dd/ffffff"}','2021-11-13 07:02:34','2021-05-24 10:51:15'),
    ('f158e2ec-55f7-4e11-acc3-7788d66581ae','In tempor, turpis nec euismod scelerisque, quam turpis adipiscing lorem, vitae mattis nibh ligula nec sem. Duis aliquam convallis nunc. Proin at turpis a pede posuere nonummy. Integer non velit.','c960ccb0-77c4-41b8-96cb-f2bdb05c66d4','495daecf-ec34-4b7b-ae4a-e3bd63792123','{"img":"http://dummyimage.com/122x100.png/cc0000/ffffff","link":"http://dummyimage.com/249x100.png/5fa2dd/ffffff"}','2022-02-10 02:15:06','2021-06-18 10:01:23'),
    ('ff492e4b-fb36-433d-9e70-1f5c0d975268','Nulla tempus. Vivamus in felis eu sapien cursus vestibulum. Proin eu mi. Nulla ac enim. In tempor, turpis nec euismod scelerisque, quam turpis adipiscing lorem, vitae mattis nibh ligula nec sem.','b02678f5-4aa6-4e1e-b5a6-8b6875aa509f','1c99a293-9a6c-40b2-a079-9019e91f8a8b','{"img":"http://dummyimage.com/122x100.png/cc0000/ffffff","link":"http://dummyimage.com/249x100.png/5fa2dd/ffffff"}','2021-07-28 05:33:15','2021-10-28 06:15:39'),
    ('6cebe3b2-dd0d-4880-a823-b472c8fe8177','Proin at turpis a pede posuere nonummy. Integer non velit. Donec diam neque, vestibulum eget, vulputate ut, ultrices vel, augue. Vestibulum ante ipsum primis in faucibus orci luctus et ultrices posuere cubilia Curae; Donec pharetra, magna vestibulum aliquet ultrices, erat tortor sollicitudin mi, sit amet lobortis sapien sapien non mi.','bb70a9de-f377-4787-aa2a-6cc7e7549ec4','0e37cc70-1961-452a-bb0f-84585d6c12dc','{"img":"http://dummyimage.com/122x100.png/cc0000/ffffff","link":"http://dummyimage.com/249x100.png/5fa2dd/ffffff"}','2021-11-20 08:39:01','2022-02-17 02:11:57'),
    ('864ad2b0-c124-4b7f-b7b7-f1fb4b67ec27','Nulla ac enim. In tempor, turpis nec euismod scelerisque, quam turpis adipiscing lorem, vitae mattis nibh ligula nec sem. Duis aliquam convallis nunc.','31dd4535-7e98-417d-80ca-f436104d841d','67bfbf6f-5d4e-46d0-8606-2a8de39428f6','{"img":"http://dummyimage.com/122x100.png/cc0000/ffffff","link":"http://dummyimage.com/249x100.png/5fa2dd/ffffff"}','2021-05-07 04:59:00','2021-06-26 10:14:33'),
    ('dee379c0-dbcd-4bc2-b6be-87a53472bece','Fusce posuere felis sed lacus. Morbi sem mauris, laoreet ut, rhoncus aliquet, pulvinar sed, nisl. Nunc rhoncus dui vel sem. Sed sagittis. Nam congue, risus semper porta volutpat, quam pede lobortis ligula, sit amet eleifend pede libero quis orci.','b675c298-6a59-401b-8ee0-8e0653c9189f','d3eb7ca9-dee6-40d5-b9e3-1e44be28aa2a','{"img":"http://dummyimage.com/122x100.png/cc0000/ffffff","link":"http://dummyimage.com/249x100.png/5fa2dd/ffffff"}','2021-12-18 17:25:34','2021-09-27 12:47:36'),
    ('958cd741-aeb6-4deb-bf08-3262bf602992','In sagittis dui vel nisl. Duis ac nibh.','44cd4a5f-e607-4636-b56f-fe970dd01063','238bc285-9c03-43fe-9d15-e9870f507336','{"img":"http://dummyimage.com/122x100.png/cc0000/ffffff","link":"http://dummyimage.com/249x100.png/5fa2dd/ffffff"}','2021-08-18 04:51:25','2022-02-02 08:27:30'),
    ('4f8aadb7-c83d-4a09-aad7-d972b990701f','Suspendisse potenti. In eleifend quam a odio. In hac habitasse platea dictumst. Maecenas ut massa quis augue luctus tincidunt. Nulla mollis molestie lorem.','154a9325-72dd-4a8b-98bb-06c2681781a3','9284a9d3-52fc-4886-8828-023c2c10f856','{"img":"http://dummyimage.com/122x100.png/cc0000/ffffff","link":"http://dummyimage.com/249x100.png/5fa2dd/ffffff"}','2022-02-24 01:44:56','2021-10-20 18:34:29'),
    ('3d14f7bb-45f6-4525-90e3-4a3b983db24c','Duis at velit eu est congue elementum.','79255e4e-c705-4ab9-bdc3-3b3afcddbd62','7e8a5f48-e36c-4c52-b2b2-2cbdc0aeafed','{"img":"http://dummyimage.com/122x100.png/cc0000/ffffff","link":"http://dummyimage.com/249x100.png/5fa2dd/ffffff"}','2021-06-20 21:38:49','2022-02-01 06:15:42'),
    ('c7580eba-2c02-4f68-8049-0cfaa619e37d','Nullam molestie nibh in lectus. Pellentesque at nulla. Suspendisse potenti. Cras in purus eu magna vulputate luctus. Cum sociis natoque penatibus et magnis dis parturient montes, nascetur ridiculus mus.','5b666552-d8ab-41c6-ad7c-7c421c342d5b','6487195d-6ca5-4e42-9e79-6e06899bf55b','{"img":"http://dummyimage.com/122x100.png/cc0000/ffffff","link":"http://dummyimage.com/249x100.png/5fa2dd/ffffff"}','2022-02-05 15:51:42','2022-03-01 17:51:30'),
    ('67d6fc0f-0a0b-4584-8b4a-5aab132005f5','Suspendisse potenti. Cras in purus eu magna vulputate luctus.','5b666552-d8ab-41c6-ad7c-7c421c342d5b','1590272b-2f38-4d59-9f49-fe0dde3e2ea1','{"img":"http://dummyimage.com/122x100.png/cc0000/ffffff","link":"http://dummyimage.com/249x100.png/5fa2dd/ffffff"}','2021-12-13 23:53:38','2022-02-22 03:11:42'),
    ('ca8e5bfe-21ce-4681-9c62-66609472dca2','Suspendisse ornare consequat lectus. In est risus, auctor sed, tristique in, tempus sit amet, sem. Fusce consequat. Nulla nisl. Nunc nisl.','44cd4a5f-e607-4636-b56f-fe970dd01063','f52e8a88-92ad-49b6-90c5-b4dafcd79572','{"img":"http://dummyimage.com/122x100.png/cc0000/ffffff","link":"http://dummyimage.com/249x100.png/5fa2dd/ffffff"}','2021-09-02 02:37:00','2021-08-22 01:04:12'),
    ('b27880b1-9733-4440-afa6-7c3ebc534f1e','Maecenas leo odio, condimentum id, luctus nec, molestie sed, justo. Pellentesque viverra pede ac diam. Cras pellentesque volutpat dui. Maecenas tristique, est et tempus semper, est quam pharetra magna, ac consequat metus sapien ut nunc.','f31e1418-3719-4728-9af5-1a7c5a660e39','d5085326-ed91-4ae3-9421-fd3b45a3d4f4','{"img":"http://dummyimage.com/122x100.png/cc0000/ffffff","link":"http://dummyimage.com/249x100.png/5fa2dd/ffffff"}','2021-10-28 08:09:30','2021-11-05 03:38:43'),
    ('5a9e4c77-64d5-48a9-8f67-19618b92df3f','Nulla neque libero, convallis eget, eleifend luctus, ultricies eu, nibh. Quisque id justo sit amet sapien dignissim vestibulum.','b2cd2b75-4fe2-460b-989f-14ba799f5462','0f8b6cbe-a912-4410-9009-75543133a9c4','{"img":"http://dummyimage.com/122x100.png/cc0000/ffffff","link":"http://dummyimage.com/249x100.png/5fa2dd/ffffff"}','2021-12-27 05:26:21','2021-10-22 05:51:48'),
    ('8962b217-3bf4-42d6-8e3a-217bf4bd1c75','Quisque porta volutpat erat. Quisque erat eros, viverra eget, congue eget, semper rutrum, nulla. Nunc purus. Phasellus in felis.','b675c298-6a59-401b-8ee0-8e0653c9189f','5d08b2ca-ba56-49c7-b701-11393cfddadd','{"img":"http://dummyimage.com/122x100.png/cc0000/ffffff","link":"http://dummyimage.com/249x100.png/5fa2dd/ffffff"}','2022-01-22 13:03:05','2021-07-21 12:23:31'),
    ('df35c5a2-aff8-4e30-8caa-ef9f7aa56d03','Mauris sit amet eros. Suspendisse accumsan tortor quis turpis. Sed ante.','988f9950-6e27-4ef6-bdb1-fedcbe574b52','d3eb7ca9-dee6-40d5-b9e3-1e44be28aa2a','{"img":"http://dummyimage.com/122x100.png/cc0000/ffffff","link":"http://dummyimage.com/249x100.png/5fa2dd/ffffff"}','2022-01-11 23:46:10','2021-05-05 20:44:15');
