CREATE TABLE IF NOT EXISTS events (
    `id` VARCHAR(36) PRIMARY KEY,
    `title` VARCHAR(92),
    `description` VARCHAR(468),
    `author` VARCHAR(36),
    `spot` JSON,
    `date` DATETIME,
    `created_at` DATETIME,
    `updated_at` DATETIME
) ENGINE=INNODB;

INSERT INTO events VALUES
    ('9a3f6f19-3f79-4079-ae09-807e813857fa','Cook the Thief His Wife & Her Lover, The','Duis consequat dui nec nisi volutpat eleifend. Donec ut dolor. Morbi vel lectus in quam fringilla rhoncus. Mauris enim leo, rhoncus sed, vestibulum sit amet, cursus id, turpis.','18c4564a-2ab9-450e-ae17-aeddb70f10e6','{"address": "IUT Nancy charlemagne", "name": "Twitterworks","coord": { "latitude": -0.0513246, "longitude": 39.9863563 }}','2021-06-01 08:37:58','2021-07-04 23:59:03','2021-05-07 00:25:03'),
    ('a09ffd99-1fe7-4cf0-80a5-369990bee0d0','Patience Stone, The','Fusce lacus purus, aliquet at, feugiat non, pretium quis, lectus. Suspendisse potenti. In eleifend quam a odio. In hac habitasse platea dictumst. Maecenas ut massa quis augue luctus tincidunt. Nulla mollis molestie lorem. Quisque ut erat.','92f307cd-3650-4781-bc52-053390066478','{"address": "IUT Nancy charlemagne", "name": "Twitterworks","coord": { "latitude": -0.0513246, "longitude": 39.9863563 }}','2021-07-05 05:38:52','2021-11-15 13:55:00','2021-11-11 17:07:20'),
    ('faf7f8fa-d42c-4515-a4b5-c1cab64fcd2b','Happy Ending, The','Aliquam sit amet diam in magna bibendum imperdiet. Nullam orci pede, venenatis non, sodales sed, tincidunt eu, felis. Fusce posuere felis sed lacus. Morbi sem mauris, laoreet ut, rhoncus aliquet, pulvinar sed, nisl. Nunc rhoncus dui vel sem. Sed sagittis.','87392587-c2cc-42b1-816f-ea51d63b0514','{"address": "IUT Nancy charlemagne", "name": "Twitterworks","coord": { "latitude": -0.0513246, "longitude": 39.9863563 }}','2021-04-03 17:20:44','2021-12-04 20:01:47','2021-04-02 18:31:48'),
    ('5e046075-f17c-42e0-b166-90aef27d87d4','Possession','Praesent id massa id nisl venenatis lacinia. Aenean sit amet justo. Morbi ut odio. Cras mi pede, malesuada in, imperdiet et, commodo vulputate, justo.','436ea2c3-f595-49e1-ad08-b0cf1682efa2','{"address": "IUT Nancy charlemagne", "name": "Twitterworks","coord": { "latitude": -0.0513246, "longitude": 39.9863563 }}','2021-10-20 22:23:04','2021-06-15 20:39:47','2021-12-05 17:14:57'),
    ('41512f5c-658d-4319-9003-36362f0f5f7c','Courtship of Eddie''s Father, The','Donec posuere metus vitae ipsum. Aliquam non mauris. Morbi non lectus. Aliquam sit amet diam in magna bibendum imperdiet. Nullam orci pede, venenatis non, sodales sed, tincidunt eu, felis.','57065d11-aeeb-412e-953a-d7abd7f0ca06','{"address": "IUT Nancy charlemagne", "name": "Twitterworks","coord": { "latitude": -0.0513246, "longitude": 39.9863563 }}','2021-07-21 08:35:54','2021-09-16 16:33:36','2021-11-07 08:25:25'),
    ('23dff0ed-a3e4-4a55-b26c-64a39523577a','Dragon Ball Z: Super Android 13! (Doragon bôru Z 7: Kyokugen batoru!! San dai sûpâ saiyajin)','Nam dui. Proin leo odio, porttitor id, consequat in, consequat ut, nulla.','eb84d7e3-04ae-47a0-a0fd-017842ecfa66','{"address": "IUT Nancy charlemagne", "name": "Twitterworks","coord": { "latitude": -0.0513246, "longitude": 39.9863563 }}','2022-03-06 04:37:22','2022-02-06 08:58:32','2021-09-09 06:13:05'),
    ('d9b4bd53-ff65-4222-97c2-606ed80e000c','Code Conspiracy, The','In hac habitasse platea dictumst. Aliquam augue quam, sollicitudin vitae, consectetuer eget, rutrum at, lorem. Integer tincidunt ante vel ipsum. Praesent blandit lacinia erat. Vestibulum sed magna at nunc commodo placerat. Praesent blandit. Nam nulla. Integer pede justo, lacinia eget, tincidunt eget, tempus vel, pede. Morbi porttitor lorem id ligula. Suspendisse ornare consequat lectus.','57065d11-aeeb-412e-953a-d7abd7f0ca06','{"address": "IUT Nancy charlemagne", "name": "Twitterworks","coord": { "latitude": -0.0513246, "longitude": 39.9863563 }}','2022-01-19 00:11:04','2021-12-28 21:55:08','2021-11-05 19:58:30'),
    ('de6425c5-5a97-42d5-83dd-4df05710a7c4','Abominable Dr. Phibes, The','Mauris lacinia sapien quis libero. Nullam sit amet turpis elementum ligula vehicula consequat. Morbi a ipsum. Integer a nibh. In quis justo. Maecenas rhoncus aliquam lacus. Morbi quis tortor id nulla ultrices aliquet.','9adcfcc3-d70e-4168-bd19-a77c9dc35641','{"address": "IUT Nancy charlemagne", "name": "Twitterworks","coord": { "latitude": -0.0513246, "longitude": 39.9863563 }}','2021-08-19 21:51:57','2021-12-17 20:03:35','2022-03-20 15:12:21'),
    ('524ccc04-9114-46a2-9ad9-3066e3a795f9','Tales from the Darkside: The Movie','Vivamus metus arcu, adipiscing molestie, hendrerit at, vulputate vitae, nisl. Aenean lectus. Pellentesque eget nunc.','0122df2a-1d03-4555-a873-439af8c29d2c','{"address": "IUT Nancy charlemagne", "name": "Twitterworks","coord": { "latitude": -0.0513246, "longitude": 39.9863563 }}','2021-09-30 05:29:33','2021-05-18 01:13:28','2021-03-27 18:56:50'),
    ('45a8bd45-80f5-41c8-a769-5ccc3ba06175','Tournament, The','Curabitur in libero ut massa volutpat convallis. Morbi odio odio, elementum eu, interdum eu, tincidunt in, leo. Maecenas pulvinar lobortis est. Phasellus sit amet erat.','a26d3697-2d7e-4b81-845e-86fc4d1863e8','{"address": "IUT Nancy charlemagne", "name": "Twitterworks","coord": { "latitude": -0.0513246, "longitude": 39.9863563 }}','2021-08-27 23:54:27','2021-11-05 10:51:09','2021-08-30 12:51:20'),
    ('26414b6b-72c2-4e99-b5b8-e98991904151','May in the Summer','Morbi non quam nec dui luctus rutrum. Nulla tellus. In sagittis dui vel nisl. Duis ac nibh. Fusce lacus purus, aliquet at, feugiat non, pretium quis, lectus. Suspendisse potenti. In eleifend quam a odio. In hac habitasse platea dictumst. Maecenas ut massa quis augue luctus tincidunt.','dce99ce0-9abb-4427-a281-63c79447ecde','{"address": "IUT Nancy charlemagne", "name": "Twitterworks","coord": { "latitude": -0.0513246, "longitude": 39.9863563 }}','2021-05-04 14:43:54','2022-02-10 08:50:37','2021-12-03 13:06:55'),
    ('3dca0a5a-6b43-41cd-86f7-9a6de83e4f05','Hum Tum','Pellentesque ultrices mattis odio.','c43eef27-a668-4d13-a1eb-aa193d525273','{"address": "IUT Nancy charlemagne", "name": "Twitterworks","coord": { "latitude": -0.0513246, "longitude": 39.9863563 }}','2022-02-01 20:53:06','2022-02-21 22:16:05','2021-05-22 07:10:20'),
    ('5990b1cf-286a-4b39-848d-d409a3c54f23','Tall Story','Donec vitae nisi. Nam ultrices, libero non mattis pulvinar, nulla pede ullamcorper augue, a suscipit nulla elit ac nulla.','e7fd9f69-be8e-4ed5-a4e0-bb7353c17a18','{"address": "IUT Nancy charlemagne", "name": "Twitterworks","coord": { "latitude": -0.0513246, "longitude": 39.9863563 }}','2021-11-05 13:03:16','2022-03-20 21:28:36','2021-05-12 07:13:30'),
    ('3fa3a722-7a10-429d-86a9-8af7a25d104d','Immortals','Pellentesque eget nunc. Donec quis orci eget orci vehicula condimentum. Curabitur in libero ut massa volutpat convallis. Morbi odio odio, elementum eu, interdum eu, tincidunt in, leo. Maecenas pulvinar lobortis est. Phasellus sit amet erat. Nulla tempus. Vivamus in felis eu sapien cursus vestibulum. Proin eu mi. Nulla ac enim.','b2dc7d58-31cd-45af-b625-11aaa506059c','{"address": "IUT Nancy charlemagne", "name": "Twitterworks","coord": { "latitude": -0.0513246, "longitude": 39.9863563 }}','2021-06-10 00:03:41','2021-07-02 05:02:23','2021-04-14 00:18:40'),
    ('46f4ab56-7012-4e31-b431-547e15e1fab3','Blade, The (Dao)','Curabitur in libero ut massa volutpat convallis. Morbi odio odio, elementum eu, interdum eu, tincidunt in, leo. Maecenas pulvinar lobortis est. Phasellus sit amet erat. Nulla tempus. Vivamus in felis eu sapien cursus vestibulum. Proin eu mi. Nulla ac enim. In tempor, turpis nec euismod scelerisque, quam turpis adipiscing lorem, vitae mattis nibh ligula nec sem.','8251f9f5-e27f-4e02-9d7f-dfbadf45b5a3','{"address": "IUT Nancy charlemagne", "name": "Twitterworks","coord": { "latitude": -0.0513246, "longitude": 39.9863563 }}','2021-12-20 08:20:59','2021-06-10 22:15:47','2021-03-28 17:35:22'),
    ('d6249e95-3cfd-4171-bd39-3d31b126f156','Night Moves','Vestibulum rutrum rutrum neque.','bfc154e3-08a4-4da1-9c83-6a553a4efd1c','{"address": "IUT Nancy charlemagne", "name": "Twitterworks","coord": { "latitude": -0.0513246, "longitude": 39.9863563 }}','2021-12-08 19:45:33','2021-08-02 22:24:09','2021-04-24 19:33:59'),
    ('483b056e-297a-4cf6-9b61-94fbdb2b8a37','Traveler, The','Praesent blandit lacinia erat. Vestibulum sed magna at nunc commodo placerat. Praesent blandit.','436ea2c3-f595-49e1-ad08-b0cf1682efa2','{"address": "IUT Nancy charlemagne", "name": "Twitterworks","coord": { "latitude": -0.0513246, "longitude": 39.9863563 }}','2021-09-16 06:30:46','2021-08-15 12:07:06','2022-02-20 23:52:25'),
    ('fb92f199-17a9-402e-91be-df1c5e1c46d6','The Sea That Thinks','Nullam molestie nibh in lectus. Pellentesque at nulla. Suspendisse potenti. Cras in purus eu magna vulputate luctus. Cum sociis natoque penatibus et magnis dis parturient montes, nascetur ridiculus mus. Vivamus vestibulum sagittis sapien. Cum sociis natoque penatibus et magnis dis parturient montes, nascetur ridiculus mus. Etiam vel augue. Vestibulum rutrum rutrum neque.','bdafa449-62de-4c14-884d-1c96e0211a78','{"address": "IUT Nancy charlemagne", "name": "Twitterworks","coord": { "latitude": -0.0513246, "longitude": 39.9863563 }}','2022-01-13 05:57:41','2021-08-01 02:52:31','2021-05-31 02:31:46'),
    ('991ce11a-bff3-4d28-ab40-fe0d3ec1e73b','Shotgun Stories','Vestibulum quam sapien, varius ut, blandit non, interdum in, ante. Vestibulum ante ipsum primis in faucibus orci luctus et ultrices posuere cubilia Curae; Duis faucibus accumsan odio. Curabitur convallis. Duis consequat dui nec nisi volutpat eleifend.','245bf537-7135-4bb3-a2a6-7a520993fa81','{"address": "IUT Nancy charlemagne", "name": "Twitterworks","coord": { "latitude": -0.0513246, "longitude": 39.9863563 }}','2021-12-29 04:53:29','2021-11-10 13:19:00','2021-04-05 23:47:04'),
    ('7c576af2-9eb8-4dd8-91df-93f032bf902d','Tie That Binds, The','Aliquam augue quam, sollicitudin vitae, consectetuer eget, rutrum at, lorem. Integer tincidunt ante vel ipsum. Praesent blandit lacinia erat.','4046e1fe-a997-4f3e-b19d-4ee3d7407215','{"address": "IUT Nancy charlemagne", "name": "Twitterworks","coord": { "latitude": -0.0513246, "longitude": 39.9863563 }}','2022-02-11 20:24:46','2021-12-13 05:26:27','2022-03-16 23:47:36'),
    ('da4d529d-aecd-46c7-85ef-79ffff5b526e','The Dark Knight','Phasellus id sapien in sapien iaculis congue. Vivamus metus arcu, adipiscing molestie, hendrerit at, vulputate vitae, nisl.','ea325914-ca6c-4c73-9253-f95c1aac2f8f','{"address": "IUT Nancy charlemagne", "name": "Twitterworks","coord": { "latitude": -0.0513246, "longitude": 39.9863563 }}','2021-12-28 03:14:39','2021-07-11 06:52:04','2021-05-29 11:34:26'),
    ('188471da-b6ae-4d4f-961a-9911889944ac','Mark of the Cop','Donec semper sapien a libero.','5c86ce67-feaf-468d-9f61-b9cf55eff8a6','{"address": "IUT Nancy charlemagne", "name": "Twitterworks","coord": { "latitude": -0.0513246, "longitude": 39.9863563 }}','2021-04-13 06:53:57','2022-02-01 14:58:27','2022-01-02 06:57:54'),
    ('48a5b31e-f9d3-44ac-afc0-19bbce865812','Barenaked in America','Sed ante. Vivamus tortor. Duis mattis egestas metus. Aenean fermentum.','0432c178-5e7c-4aa0-9819-0d99170f7d9c','{"address": "IUT Nancy charlemagne", "name": "Twitterworks","coord": { "latitude": -0.0513246, "longitude": 39.9863563 }}','2021-12-20 20:44:10','2021-08-16 22:49:40','2021-08-08 16:58:46'),
    ('dcc070c2-383d-46c1-8562-313bc3962550','Infernal Affairs (Mou gaan dou)','Donec diam neque, vestibulum eget, vulputate ut, ultrices vel, augue. Vestibulum ante ipsum primis in faucibus orci luctus et ultrices posuere cubilia Curae; Donec pharetra, magna vestibulum aliquet ultrices, erat tortor sollicitudin mi, sit amet lobortis sapien sapien non mi.','1e68f4d1-a42c-4099-aef5-66765d5b7fd7','{"address": "IUT Nancy charlemagne", "name": "Twitterworks","coord": { "latitude": -0.0513246, "longitude": 39.9863563 }}','2021-05-02 04:32:55','2022-03-07 10:32:37','2021-07-04 11:39:46'),
    ('f7a1c02b-3744-4199-acf3-aac72582bc6f','Word Wars','Donec diam neque, vestibulum eget, vulputate ut, ultrices vel, augue. Vestibulum ante ipsum primis in faucibus orci luctus et ultrices posuere cubilia Curae; Donec pharetra, magna vestibulum aliquet ultrices, erat tortor sollicitudin mi, sit amet lobortis sapien sapien non mi. Integer ac neque. Duis bibendum. Morbi non quam nec dui luctus rutrum. Nulla tellus. In sagittis dui vel nisl. Duis ac nibh. Fusce lacus purus, aliquet at, feugiat non, pretium quis, lectus.','6ec5e094-4eed-4f40-9bc7-60800a46b468','{"address": "IUT Nancy charlemagne", "name": "Twitterworks","coord": { "latitude": -0.0513246, "longitude": 39.9863563 }}','2021-07-23 13:09:27','2022-02-10 19:00:46','2021-10-12 02:38:54'),
    ('f29e16e8-6d75-4c7e-bc21-23ad490a0ead','Land, The (Al-ard)','Curabitur in libero ut massa volutpat convallis. Morbi odio odio, elementum eu, interdum eu, tincidunt in, leo. Maecenas pulvinar lobortis est.','0432c178-5e7c-4aa0-9819-0d99170f7d9c','{"address": "IUT Nancy charlemagne", "name": "Twitterworks","coord": { "latitude": -0.0513246, "longitude": 39.9863563 }}','2021-08-22 08:05:34','2022-01-09 02:22:42','2021-08-30 13:35:19'),
    ('dc417a73-5d80-48bf-9bab-c1f192cfdfad','Cats & Dogs','Quisque erat eros, viverra eget, congue eget, semper rutrum, nulla.','a2239b2d-34e1-41a3-b666-5572aa9f056d','{"address": "IUT Nancy charlemagne", "name": "Twitterworks","coord": { "latitude": -0.0513246, "longitude": 39.9863563 }}','2021-04-02 14:55:31','2021-06-11 08:45:49','2021-10-10 10:21:47'),
    ('30be9b14-dad3-442d-991c-53c05ee82e1e','Watchers','In hac habitasse platea dictumst. Aliquam augue quam, sollicitudin vitae, consectetuer eget, rutrum at, lorem. Integer tincidunt ante vel ipsum. Praesent blandit lacinia erat. Vestibulum sed magna at nunc commodo placerat. Praesent blandit.','92f307cd-3650-4781-bc52-053390066478','{"address": "IUT Nancy charlemagne", "name": "Twitterworks","coord": { "latitude": -0.0513246, "longitude": 39.9863563 }}','2021-12-20 19:24:45','2021-07-21 19:36:22','2021-04-01 15:09:56'),
    ('11b1b05f-1792-4c3e-a0df-2f92cdeca489','In Cold Blood','Donec ut dolor. Morbi vel lectus in quam fringilla rhoncus. Mauris enim leo, rhoncus sed, vestibulum sit amet, cursus id, turpis.','85e36576-0831-4265-a8db-49e34bb9a6bf','{"address": "IUT Nancy charlemagne", "name": "Twitterworks","coord": { "latitude": -0.0513246, "longitude": 39.9863563 }}','2021-10-02 12:21:04','2021-12-08 09:24:55','2022-02-01 13:52:08'),
    ('3b6f358d-19db-4feb-adc9-c79cb7a4aeb8','Unconditional Love','In hac habitasse platea dictumst. Etiam faucibus cursus urna.','3d2e65d6-7f65-4165-b7ea-7f42e57f0861','{"address": "IUT Nancy charlemagne", "name": "Twitterworks","coord": { "latitude": -0.0513246, "longitude": 39.9863563 }}','2021-12-21 16:29:20','2022-01-14 13:52:17','2021-09-02 12:08:36'),
    ('bbbd366e-94b1-4197-beed-cb1fa94f39f5','Book of Eli, The','Suspendisse ornare consequat lectus. In est risus, auctor sed, tristique in, tempus sit amet, sem. Fusce consequat. Nulla nisl. Nunc nisl.','bd9f09fa-750b-497f-a5c0-662dc29d4bfa','{"address": "IUT Nancy charlemagne", "name": "Twitterworks","coord": { "latitude": -0.0513246, "longitude": 39.9863563 }}','2021-11-13 14:13:06','2022-01-31 21:25:43','2022-01-02 09:42:50'),
    ('9fc0c8f1-c4a0-40cb-9053-fa403b70ad18','Luck, Trust & Ketchup: Robert Altman in Carver Country','Sed accumsan felis. Ut at dolor quis odio consequat varius. Integer ac leo. Pellentesque ultrices mattis odio.','c759ab0c-cc77-42e2-a5f3-cc649a006850','{"address": "IUT Nancy charlemagne", "name": "Twitterworks","coord": { "latitude": -0.0513246, "longitude": 39.9863563 }}','2021-04-09 21:38:36','2022-02-15 21:03:17','2021-08-28 09:41:44'),
    ('699c04e6-c97f-44f7-b9c6-2c490ecbe9ef','Queen of Spades, The','Fusce congue, diam id ornare imperdiet, sapien urna pretium nisl, ut volutpat sapien arcu sed augue. Aliquam erat volutpat. In congue. Etiam justo. Etiam pretium iaculis justo.','f8fbcc6e-d5b5-4c88-91c8-d2cb4a127fbe','{"address": "IUT Nancy charlemagne", "name": "Twitterworks","coord": { "latitude": -0.0513246, "longitude": 39.9863563 }}','2021-07-20 22:35:44','2021-12-17 17:17:31','2021-12-09 10:31:07'),
    ('6a1bc5ee-8a64-423a-b1a8-a3f56700377b','Badlanders, The','Etiam vel augue.','8545d8fe-9a08-49b4-8579-3544e3d6cbc7','{"address": "IUT Nancy charlemagne", "name": "Twitterworks","coord": { "latitude": -0.0513246, "longitude": 39.9863563 }}','2022-03-06 16:01:31','2021-06-12 14:25:06','2021-09-30 16:04:47'),
    ('953617ea-37d3-41a8-a4e9-72e4dbe36995','Twenty Bucks','Cras non velit nec nisi vulputate nonummy. Maecenas tincidunt lacus at velit. Vivamus vel nulla eget eros elementum pellentesque. Quisque porta volutpat erat. Quisque erat eros, viverra eget, congue eget, semper rutrum, nulla. Nunc purus. Phasellus in felis.','bd9f09fa-750b-497f-a5c0-662dc29d4bfa','{"address": "IUT Nancy charlemagne", "name": "Twitterworks","coord": { "latitude": -0.0513246, "longitude": 39.9863563 }}','2021-09-08 14:54:20','2021-12-21 03:43:54','2021-06-28 21:28:16'),
    ('928366d7-ce9b-4ce1-891f-5b218fbc0d48','Crazy Sexy Cancer','Pellentesque viverra pede ac diam. Cras pellentesque volutpat dui. Maecenas tristique, est et tempus semper, est quam pharetra magna, ac consequat metus sapien ut nunc. Vestibulum ante ipsum primis in faucibus orci luctus et ultrices posuere cubilia Curae; Mauris viverra diam vitae quam. Suspendisse potenti.','8251f9f5-e27f-4e02-9d7f-dfbadf45b5a3','{"address": "IUT Nancy charlemagne", "name": "Twitterworks","coord": { "latitude": -0.0513246, "longitude": 39.9863563 }}','2022-03-02 21:07:53','2021-06-18 01:59:42','2021-10-01 13:44:43'),
    ('3a6f5699-e20f-4c4c-863f-23840db289e6','Showrunners: The Art of Running a TV Show','Nulla tellus. In sagittis dui vel nisl. Duis ac nibh. Fusce lacus purus, aliquet at, feugiat non, pretium quis, lectus. Suspendisse potenti. In eleifend quam a odio. In hac habitasse platea dictumst. Maecenas ut massa quis augue luctus tincidunt.','ae3a8a4d-6df7-4da6-8406-5a27dfb5b1a4','{"address": "IUT Nancy charlemagne", "name": "Twitterworks","coord": { "latitude": -0.0513246, "longitude": 39.9863563 }}','2021-06-06 12:38:58','2021-06-08 00:54:18','2021-11-27 15:16:12'),
    ('d0a6805b-dd4c-47c6-8441-91ee973f0ef3','Cape Fear','Maecenas tristique, est et tempus semper, est quam pharetra magna, ac consequat metus sapien ut nunc. Vestibulum ante ipsum primis in faucibus orci luctus et ultrices posuere cubilia Curae; Mauris viverra diam vitae quam. Suspendisse potenti. Nullam porttitor lacus at turpis. Donec posuere metus vitae ipsum. Aliquam non mauris.','57663b8a-cfdd-4faf-a455-24691f9c887d','{"address": "IUT Nancy charlemagne", "name": "Twitterworks","coord": { "latitude": -0.0513246, "longitude": 39.9863563 }}','2022-03-04 01:14:41','2021-06-28 18:57:50','2021-12-19 23:16:27'),
    ('da1a4777-85e5-47fc-ae75-853a7297c7e0','Brides (Nyfes)','Suspendisse potenti. In eleifend quam a odio.','42404353-5fd7-472e-b291-333d136cdceb','{"address": "IUT Nancy charlemagne", "name": "Twitterworks","coord": { "latitude": -0.0513246, "longitude": 39.9863563 }}','2021-08-31 10:09:30','2021-10-24 14:11:33','2022-01-17 08:29:32'),
    ('60d97c37-79a2-470b-a3e3-c9089aa43161','Lord of the Flies','Sed sagittis. Nam congue, risus semper porta volutpat, quam pede lobortis ligula, sit amet eleifend pede libero quis orci. Nullam molestie nibh in lectus. Pellentesque at nulla.','7b658eb5-928e-4cc4-85b9-99d6ac1669c7','{"address": "IUT Nancy charlemagne", "name": "Twitterworks","coord": { "latitude": -0.0513246, "longitude": 39.9863563 }}','2021-11-22 06:30:50','2022-03-04 03:29:57','2021-09-02 05:27:09'),
    ('f3701fbd-fa88-465c-a460-7b70d211ef86','Destiny in Space','Aenean sit amet justo. Morbi ut odio. Cras mi pede, malesuada in, imperdiet et, commodo vulputate, justo. In blandit ultrices enim. Lorem ipsum dolor sit amet, consectetuer adipiscing elit.','cb292197-c182-40b7-b380-be3e0556c58f','{"address": "IUT Nancy charlemagne", "name": "Twitterworks","coord": { "latitude": -0.0513246, "longitude": 39.9863563 }}','2021-05-03 18:32:37','2021-11-02 05:03:13','2021-11-04 08:25:09'),
    ('21867d92-39e2-4cc5-9e9b-193630f28f19','Brideshead Revisited','Vivamus in felis eu sapien cursus vestibulum. Proin eu mi. Nulla ac enim. In tempor, turpis nec euismod scelerisque, quam turpis adipiscing lorem, vitae mattis nibh ligula nec sem. Duis aliquam convallis nunc. Proin at turpis a pede posuere nonummy. Integer non velit. Donec diam neque, vestibulum eget, vulputate ut, ultrices vel, augue.','fc2f19b2-3b5b-4555-86ef-d55131c7a672','{"address": "IUT Nancy charlemagne", "name": "Twitterworks","coord": { "latitude": -0.0513246, "longitude": 39.9863563 }}','2021-06-06 22:31:54','2022-03-04 10:11:55','2021-11-14 20:51:01'),
    ('557f26c3-afac-44a4-8fd0-4be3e36f3caa','Megacities','Morbi vel lectus in quam fringilla rhoncus. Mauris enim leo, rhoncus sed, vestibulum sit amet, cursus id, turpis. Integer aliquet, massa id lobortis convallis, tortor risus dapibus augue, vel accumsan tellus nisi eu orci. Mauris lacinia sapien quis libero. Nullam sit amet turpis elementum ligula vehicula consequat.','4ce6190a-10f6-4121-92fb-c1272f4a567f','{"address": "IUT Nancy charlemagne", "name": "Twitterworks","coord": { "latitude": -0.0513246, "longitude": 39.9863563 }}','2022-03-05 00:26:59','2021-08-30 16:25:09','2021-03-29 15:43:28'),
    ('2f029551-33a0-4e85-9b3c-d5db66257f6e','Before Night Falls','Pellentesque viverra pede ac diam. Cras pellentesque volutpat dui.','c759ab0c-cc77-42e2-a5f3-cc649a006850','{"address": "IUT Nancy charlemagne", "name": "Twitterworks","coord": { "latitude": -0.0513246, "longitude": 39.9863563 }}','2021-09-23 17:27:06','2021-04-21 01:44:06','2021-12-16 16:22:58'),
    ('71df5ada-385b-4dfa-ac86-439e61a85718','I Saw the Devil (Akmareul boatda)','Sed ante. Vivamus tortor. Duis mattis egestas metus. Aenean fermentum. Donec ut mauris eget massa tempor convallis.','6d128d29-06f4-427d-939d-2b3763751a8a','{"address": "IUT Nancy charlemagne", "name": "Twitterworks","coord": { "latitude": -0.0513246, "longitude": 39.9863563 }}','2021-12-10 09:33:01','2021-05-14 12:37:18','2021-10-22 18:24:39'),
    ('e3c2d8b0-5d38-46ff-bc26-45a6e936305f','Classmates','Mauris enim leo, rhoncus sed, vestibulum sit amet, cursus id, turpis. Integer aliquet, massa id lobortis convallis, tortor risus dapibus augue, vel accumsan tellus nisi eu orci. Mauris lacinia sapien quis libero. Nullam sit amet turpis elementum ligula vehicula consequat. Morbi a ipsum.','a31349b5-b230-4455-8732-ffafeba45bed','{"address": "IUT Nancy charlemagne", "name": "Twitterworks","coord": { "latitude": -0.0513246, "longitude": 39.9863563 }}','2021-06-25 12:52:12','2021-05-27 18:53:31','2022-03-07 19:22:56'),
    ('c7ee62df-b57b-4069-9282-3fc5aff9944f','Year of the Wolf, The (Suden vuosi)','In sagittis dui vel nisl. Duis ac nibh.','338c5acf-4421-4843-9b47-676b5514eb4f','{"address": "IUT Nancy charlemagne", "name": "Twitterworks","coord": { "latitude": -0.0513246, "longitude": 39.9863563 }}','2022-02-13 18:14:34','2022-03-08 17:05:03','2021-04-04 02:23:15'),
    ('85daf7fc-9358-4c3b-bca3-81791c771867','Wild Rovers','Aenean auctor gravida sem. Praesent id massa id nisl venenatis lacinia. Aenean sit amet justo. Morbi ut odio. Cras mi pede, malesuada in, imperdiet et, commodo vulputate, justo. In blandit ultrices enim. Lorem ipsum dolor sit amet, consectetuer adipiscing elit. Proin interdum mauris non ligula pellentesque ultrices. Phasellus id sapien in sapien iaculis congue. Vivamus metus arcu, adipiscing molestie, hendrerit at, vulputate vitae, nisl.','dc37d221-eefc-488a-899e-63c0230da711','{"address": "IUT Nancy charlemagne", "name": "Twitterworks","coord": { "latitude": -0.0513246, "longitude": 39.9863563 }}','2021-08-19 03:32:08','2021-10-19 03:46:42','2021-08-17 23:06:15'),
    ('a380ca19-cbeb-463b-9605-bf33acf0cf91','Sometimes They Come Back... for More','Aliquam quis turpis eget elit sodales scelerisque. Mauris sit amet eros. Suspendisse accumsan tortor quis turpis. Sed ante. Vivamus tortor. Duis mattis egestas metus. Aenean fermentum. Donec ut mauris eget massa tempor convallis.','85e36576-0831-4265-a8db-49e34bb9a6bf','{"address": "IUT Nancy charlemagne", "name": "Twitterworks","coord": { "latitude": -0.0513246, "longitude": 39.9863563 }}','2021-08-28 20:25:51','2021-08-27 12:18:55','2021-12-31 17:09:42'),
    ('af7e8965-2e26-4b53-8e62-4dbc01de5528','Gone Girl','Integer tincidunt ante vel ipsum. Praesent blandit lacinia erat. Vestibulum sed magna at nunc commodo placerat. Praesent blandit.','f8fbcc6e-d5b5-4c88-91c8-d2cb4a127fbe','{"address": "IUT Nancy charlemagne", "name": "Twitterworks","coord": { "latitude": -0.0513246, "longitude": 39.9863563 }}','2021-09-08 02:23:44','2022-03-04 15:29:09','2021-06-24 07:15:59');







CREATE TABLE IF NOT EXISTS members (
    `id` VARCHAR(36) PRIMARY KEY,
    `username` VARCHAR(17) ,
    `is_guest` BOOLEAN,
    `event_id` VARCHAR(36),
    `created_at` DATETIME,
    `updated_at` DATETIME
) ENGINE=INNODB;

ALTER TABLE `members`
    ADD CONSTRAINT `fk_member_event` FOREIGN KEY (`event_id`) REFERENCES `events`(`id`) ON DELETE CASCADE ON UPDATE CASCADE; 


INSERT INTO members VALUES
    ('f752fdfc-cc0d-4916-8d09-65a884a27247','fwoolstenholmes1g',false,'9fc0c8f1-c4a0-40cb-9053-fa403b70ad18','2021-12-13 00:53:35','2021-06-26 21:31:19'),
    ('38516638-cdf4-496a-8783-fc45285269b0','lvandrill28',false,'23dff0ed-a3e4-4a55-b26c-64a39523577a','2021-04-01 03:46:02','2021-12-20 18:07:41'),
    ('5ce25c68-b334-42a2-9fa8-71308f20be11','mswin2i',false,'3fa3a722-7a10-429d-86a9-8af7a25d104d','2022-01-10 08:03:18','2021-09-05 10:07:14'),
    ('548fe62c-7614-4605-bc27-5fc2be2af00f','ktydeman1x',false,'41512f5c-658d-4319-9003-36362f0f5f7c','2021-11-21 11:36:21','2021-06-27 20:29:03'),
    ('c907dc31-0738-4c28-8643-97d507494159','speasgood25',false,'991ce11a-bff3-4d28-ab40-fe0d3ec1e73b','2022-01-06 01:22:33','2021-09-28 23:42:48'),
    ('c7b59ffc-31a1-421e-b21c-3a9c0197db11','mghelerdinib',false,'c7ee62df-b57b-4069-9282-3fc5aff9944f','2021-04-10 21:38:44','2021-07-19 15:46:45'),
    ('41be1347-7e98-43f3-ad54-491d6162ff2d','mbushrodd',false,'85daf7fc-9358-4c3b-bca3-81791c771867','2021-08-01 11:43:41','2021-12-11 08:19:39'),
    ('41dfdd5d-161b-4ab8-a66c-3934f6b59cc5','ipidon2j',false,'85daf7fc-9358-4c3b-bca3-81791c771867','2021-05-21 18:27:31','2021-11-11 15:00:54'),
    ('6fa5d4e5-1e4d-464e-9122-8407c25141a6','mmars1w',false,'bbbd366e-94b1-4197-beed-cb1fa94f39f5','2021-10-19 20:36:47','2021-12-17 02:41:27'),
    ('ef662e65-cc8f-47df-8a32-2935deccc72a','mbellocht1z',false,'c7ee62df-b57b-4069-9282-3fc5aff9944f','2021-11-14 18:25:58','2022-01-29 02:58:30'),
    ('e40a7d1c-24be-42cb-a562-976b2e354ff6','lhundy1f',false,'41512f5c-658d-4319-9003-36362f0f5f7c','2021-12-14 14:43:26','2021-09-04 19:33:33'),
    ('2351fd1f-5382-4461-8c70-2570cb91950d','jgofton17',false,'f3701fbd-fa88-465c-a460-7b70d211ef86','2021-07-25 19:07:59','2022-01-03 19:17:56'),
    ('f12f5aef-97d2-4ece-a07e-9fc9dc759a41','flally1a',false,'f29e16e8-6d75-4c7e-bc21-23ad490a0ead','2022-02-17 22:52:00','2021-05-30 13:07:56'),
    ('8816919c-f299-4d0c-9522-1419626ccaf7','bpergens0',false,'f7a1c02b-3744-4199-acf3-aac72582bc6f','2021-09-25 23:11:02','2021-10-03 23:00:35'),
    ('40207d72-7ef1-472f-8a11-a22c887db691','cghiriardelli2q',false,'41512f5c-658d-4319-9003-36362f0f5f7c','2021-08-19 06:27:47','2021-04-22 08:57:26'),
    ('e9d9b61a-3104-48b3-a202-2fcc9c20558f','ewhales7',false,'7c576af2-9eb8-4dd8-91df-93f032bf902d','2021-08-25 18:45:39','2021-09-27 05:29:35'),
    ('23da6733-f157-4021-aa30-9e0c1df327a8','npasquez',false,'5990b1cf-286a-4b39-848d-d409a3c54f23','2021-12-16 03:02:34','2022-02-16 18:27:51'),
    ('d53abc9b-ff17-4876-85a8-365b554a325f','jbattint',false,'928366d7-ce9b-4ce1-891f-5b218fbc0d48','2021-08-26 06:59:32','2021-12-04 00:35:13'),
    ('71945858-29c4-4d6b-a144-51c10d6921c9','tmicco1h',false,'bbbd366e-94b1-4197-beed-cb1fa94f39f5','2021-08-20 13:29:08','2021-10-19 11:28:02'),
    ('1601269d-e52c-4214-9e0c-f8ccbea97dbd','dfollet23',false,'dcc070c2-383d-46c1-8562-313bc3962550','2021-10-13 12:20:28','2021-06-21 16:04:02'),
    ('cfa15a19-b5b5-4c3c-8272-3d2a8f0cf568','dyellowleae',false,'c7ee62df-b57b-4069-9282-3fc5aff9944f','2021-12-22 11:38:59','2021-08-31 20:43:11'),
    ('622c68ec-fba3-46ae-a7e1-5897d02c425b','tzavittierir',false,'d9b4bd53-ff65-4222-97c2-606ed80e000c','2022-01-15 08:30:38','2021-10-12 21:08:14'),
    ('f3a68282-1093-4064-ba09-9e7ffeb11e91','cbeineo',false,'da1a4777-85e5-47fc-ae75-853a7297c7e0','2021-04-18 18:27:10','2021-04-24 18:03:24'),
    ('3963ee41-c6fb-472b-9161-3e9a023a8ef2','bpagek',false,'41512f5c-658d-4319-9003-36362f0f5f7c','2021-12-14 11:55:48','2022-01-05 08:19:44'),
    ('d8861f57-bc16-4365-bc65-4fe3673c59b6','kmaccaffrey1q',false,'21867d92-39e2-4cc5-9e9b-193630f28f19','2021-11-23 17:16:20','2021-08-06 05:33:35'),
    ('7ca729f6-1b74-4bf1-b8e0-ade8b6192f04','wisacq8',false,'11b1b05f-1792-4c3e-a0df-2f92cdeca489','2021-08-11 05:52:06','2021-11-09 14:59:49'),
    ('32fb55c1-7ffb-4496-bc9d-2c1f7308041f','cedridge1n',false,'3dca0a5a-6b43-41cd-86f7-9a6de83e4f05','2021-07-10 18:32:14','2021-04-25 19:19:18'),
    ('9ae959d7-4a94-4a02-8702-c5b1aee62134','ipidon2j',false,'9fc0c8f1-c4a0-40cb-9053-fa403b70ad18','2021-08-31 15:50:02','2021-09-08 18:35:21'),
    ('a4e69922-da63-4281-a402-321a06f41783','khitzschkev',false,'699c04e6-c97f-44f7-b9c6-2c490ecbe9ef','2021-09-18 01:57:33','2021-08-01 07:48:38'),
    ('00722a1a-6a55-45cd-a567-a2927fb45230','tzavittierir',false,'da1a4777-85e5-47fc-ae75-853a7297c7e0','2021-08-03 04:28:43','2021-11-07 12:31:44'),
    ('5ac18dce-f34e-48d9-8aa2-66b25cedefe8','mbrockelsby6',false,'41512f5c-658d-4319-9003-36362f0f5f7c','2022-02-03 23:35:41','2022-02-27 06:19:45'),
    ('7dcd20f0-91ca-44eb-8d8b-67c95187aef6','tlongridge1r',false,'d9b4bd53-ff65-4222-97c2-606ed80e000c','2021-08-21 22:01:16','2021-04-13 00:53:09'),
    ('bb4859bd-1e30-4792-9af4-b3eba141f43c','lkelbie1u',false,'fb92f199-17a9-402e-91be-df1c5e1c46d6','2021-04-04 11:47:19','2021-09-17 22:10:10'),
    ('dfa1613d-7ce0-47bd-a11d-63fe90192e92','aivanonko9',false,'188471da-b6ae-4d4f-961a-9911889944ac','2021-05-04 12:06:06','2021-05-04 08:23:08'),
    ('78b0109e-006d-4b7e-bbfd-fb9b054a11a3','cghiriardelli2q',false,'30be9b14-dad3-442d-991c-53c05ee82e1e','2022-01-24 18:55:26','2021-04-23 13:08:58'),
    ('a1eb4102-13e6-4998-8707-fc3574e99a49','khitzschkev',false,'991ce11a-bff3-4d28-ab40-fe0d3ec1e73b','2021-12-25 18:52:47','2021-07-16 05:02:28'),
    ('7cc958db-f4be-4a4a-9f5d-dbf936124b6d','dronischh',false,'953617ea-37d3-41a8-a4e9-72e4dbe36995','2022-03-06 04:23:49','2021-04-27 07:58:08'),
    ('29b684b7-2ed5-47d9-b180-ea1ab947ac07','tnormabellf',false,'3b6f358d-19db-4feb-adc9-c79cb7a4aeb8','2021-06-11 09:06:46','2021-12-02 04:30:06'),
    ('44ec43a8-5f0d-49d6-8eff-384ca452910d','slyard2o',false,'3a6f5699-e20f-4c4c-863f-23840db289e6','2021-03-28 02:38:28','2021-06-04 15:36:09'),
    ('a8878807-0098-421b-8a70-3a7bd84ffcd8','kfitzharris21',false,'e3c2d8b0-5d38-46ff-bc26-45a6e936305f','2021-12-13 20:26:01','2021-12-11 03:18:58'),
    ('77d929a8-3df9-4bb5-8778-67f536ea506e','edabling16',false,'41512f5c-658d-4319-9003-36362f0f5f7c','2021-12-02 01:47:48','2022-01-30 04:59:29'),
    ('e9b8a387-d12b-4025-b9bf-c097d51a7d30','wbulfield2d',false,'3b6f358d-19db-4feb-adc9-c79cb7a4aeb8','2021-09-06 18:15:41','2021-08-11 14:44:44'),
    ('c6734475-592d-4128-b61d-33684fb4d506','tdrewe14',false,'da1a4777-85e5-47fc-ae75-853a7297c7e0','2021-04-21 03:03:37','2021-07-31 15:09:08'),
    ('f72aa3a7-91a3-46f8-b64b-d795921d98e6','ksantori13',false,'dc417a73-5d80-48bf-9bab-c1f192cfdfad','2021-10-27 23:54:44','2021-03-28 10:20:05'),
    ('2327b435-4c6b-4ee0-968f-b86e305fb7d0','rfrith22',false,'71df5ada-385b-4dfa-ac86-439e61a85718','2021-06-01 17:09:54','2022-01-16 15:11:07'),
    ('41354bf9-84d2-4dd4-9e6b-ffc1c8dc0f22','lhundy1f',false,'524ccc04-9114-46a2-9ad9-3066e3a795f9','2021-10-27 17:51:31','2021-11-11 22:12:10'),
    ('3201056f-b9f7-475c-ae28-09e47c266dca','fwoolstenholmes1g',false,'da4d529d-aecd-46c7-85ef-79ffff5b526e','2021-10-02 16:42:29','2021-07-13 17:03:59'),
    ('f15a8325-a51c-42f3-9f8b-be53d7cd3406','cwhiteman1v',false,'3dca0a5a-6b43-41cd-86f7-9a6de83e4f05','2021-05-13 04:55:05','2021-10-31 17:03:17'),
    ('200556a8-ef31-4a55-9483-1d4bdb5b3a82','lrydeard1y',false,'f3701fbd-fa88-465c-a460-7b70d211ef86','2021-04-27 07:45:00','2022-01-28 02:26:03'),
    ('c7fcc53a-0b5e-4c6e-a2f9-6cfbdf2ea1a7','adainton1j',false,'30be9b14-dad3-442d-991c-53c05ee82e1e','2021-11-30 07:18:27','2022-01-21 23:29:07'),
    ('53064df9-b20d-433c-b41e-763a222e05b9','maddess1k',false,'d0a6805b-dd4c-47c6-8441-91ee973f0ef3','2021-11-25 18:28:08','2021-09-06 02:18:04'),
    ('6cb01d94-f770-4a7e-bb9a-7028189a47d8','flally1a',false,'d0a6805b-dd4c-47c6-8441-91ee973f0ef3','2021-07-13 21:23:18','2021-10-11 08:35:24'),
    ('1a62d858-16d7-4e75-a842-977bab5c27e9','mghelerdinib',false,'3b6f358d-19db-4feb-adc9-c79cb7a4aeb8','2021-11-21 22:27:37','2021-07-24 17:56:57'),
    ('8a04bacd-7150-4530-9dbb-026768b9ba45','mmeehan1l',false,'953617ea-37d3-41a8-a4e9-72e4dbe36995','2021-09-16 11:04:31','2021-08-17 22:19:31'),
    ('2f3fbc46-e796-4bf8-ac1d-fe6dce2fe5a1','ewhales7',false,'483b056e-297a-4cf6-9b61-94fbdb2b8a37','2022-02-26 16:55:29','2021-06-03 20:01:59'),
    ('d1444439-0b82-422d-bb21-e7870797632f','wroblin11',false,'a380ca19-cbeb-463b-9605-bf33acf0cf91','2021-04-23 14:29:16','2022-02-25 15:05:02'),
    ('bb4ff76e-819d-49e4-9a4a-78fc454a6a8e','tnormabellf',false,'da4d529d-aecd-46c7-85ef-79ffff5b526e','2021-11-16 15:41:09','2021-09-13 20:16:48'),
    ('369415ad-a17e-4427-8997-189d80a7123a','maddess1k',false,'3dca0a5a-6b43-41cd-86f7-9a6de83e4f05','2021-07-21 22:25:47','2021-05-30 23:37:41'),
    ('6989090f-2dbc-44a9-91f1-5710067ae34e','cwatkinsc',false,'3b6f358d-19db-4feb-adc9-c79cb7a4aeb8','2021-08-21 03:00:32','2021-10-24 03:04:27'),
    ('3c20a81c-46cd-49b1-9b0b-640c8a464d94','khitzschkev',false,'7c576af2-9eb8-4dd8-91df-93f032bf902d','2021-10-17 19:55:13','2022-01-01 22:32:51'),
    ('c744030c-d115-4f50-93bb-403de565e0e3','lnapton5',false,'23dff0ed-a3e4-4a55-b26c-64a39523577a','2021-08-25 10:39:46','2021-07-23 16:04:32'),
    ('bef3af7e-6529-407a-8508-0b98eb2fc096','lhundy1f',false,'2f029551-33a0-4e85-9b3c-d5db66257f6e','2021-08-17 05:03:00','2021-07-19 03:08:51'),
    ('ff3d0a69-5271-4c7f-a422-960147c33984','jglide2k',false,'f7a1c02b-3744-4199-acf3-aac72582bc6f','2022-02-21 09:22:54','2021-08-26 07:44:35'),
    ('ecc5bf2a-425f-497b-a557-9eddbe28a37c','dmulholland2h',false,'48a5b31e-f9d3-44ac-afc0-19bbce865812','2021-11-03 09:15:09','2021-04-25 07:27:47'),
    ('ad1dae78-11e7-4a4d-a263-c57528d95010','mghelerdinib',false,'f7a1c02b-3744-4199-acf3-aac72582bc6f','2021-07-30 03:45:54','2022-01-03 00:58:17'),
    ('f376aee3-be8a-495c-a147-8df0320372b7','ksantori13',false,'5990b1cf-286a-4b39-848d-d409a3c54f23','2021-06-04 11:48:31','2021-08-27 16:09:07'),
    ('73e07b99-39a4-48a7-8758-6e2242c351fa','adand18',false,'3a6f5699-e20f-4c4c-863f-23840db289e6','2022-01-28 19:10:07','2022-01-01 11:02:22'),
    ('f6b4d39b-5d7a-43ef-9220-ca5491a77bef','dsewards',false,'3a6f5699-e20f-4c4c-863f-23840db289e6','2021-11-04 06:48:54','2021-06-28 14:18:47'),
    ('b61290ac-1fe6-49ea-82ce-a3f53903a96e','mghelerdinib',false,'af7e8965-2e26-4b53-8e62-4dbc01de5528','2021-06-04 16:46:40','2021-12-27 01:47:35'),
    ('a3cdb634-3594-4968-a455-bd7ad2fe0cec','proake2r',false,'85daf7fc-9358-4c3b-bca3-81791c771867','2021-09-30 17:18:40','2021-06-14 00:28:24'),
    ('a68b6153-ff5a-4265-985d-ca5f3b4318c5','ewhales7',false,'23dff0ed-a3e4-4a55-b26c-64a39523577a','2021-09-05 05:20:40','2021-09-24 11:12:13'),
    ('ef56e5f8-fe2e-416e-b274-5213c74f79f7','estaff2f',false,'a09ffd99-1fe7-4cf0-80a5-369990bee0d0','2021-10-08 16:32:38','2021-05-16 07:52:15'),
    ('520d0dc7-1c64-452e-9605-2980a1bafa52','adand18',false,'524ccc04-9114-46a2-9ad9-3066e3a795f9','2021-04-22 11:12:52','2021-05-09 03:44:00'),
    ('c50fbc8a-b644-4126-b800-356e8a5d641c','edabling16',false,'71df5ada-385b-4dfa-ac86-439e61a85718','2021-05-09 21:56:06','2021-08-18 01:22:36'),
    ('c8422b39-ed11-458e-b926-dbce9220c1ea','talexis1t',false,'3dca0a5a-6b43-41cd-86f7-9a6de83e4f05','2021-07-18 21:27:59','2022-02-07 08:58:30'),
    ('8ec492c1-c0dd-4665-9a9d-da30b3895bed','fdoul1d',false,'5e046075-f17c-42e0-b166-90aef27d87d4','2021-04-06 18:14:19','2021-09-17 03:41:48'),
    ('3ee1c233-8886-42ba-a7f9-0d6dc9fa72cd','jyounglovel',false,'7c576af2-9eb8-4dd8-91df-93f032bf902d','2022-03-12 19:13:11','2022-02-20 12:37:21'),
    ('708024d1-74a8-4016-b4bd-83fbbc4a17d0','npasquez',false,'3fa3a722-7a10-429d-86a9-8af7a25d104d','2021-12-24 18:40:32','2021-04-28 16:34:16'),
    ('32cda985-f52b-4594-9f1f-8b678c7f68df','vtumielli26',false,'26414b6b-72c2-4e99-b5b8-e98991904151','2021-07-03 13:56:19','2021-10-09 00:12:31'),
    ('b6de1607-d40f-4696-a419-5f4eea2f34b0','mswin2i',false,'5e046075-f17c-42e0-b166-90aef27d87d4','2021-05-23 19:43:12','2021-11-10 22:36:23'),
    ('12b2b5ac-ee17-4638-b2b3-2b3a4ab5b651','dsnepp2n',false,'da1a4777-85e5-47fc-ae75-853a7297c7e0','2021-04-07 16:19:01','2022-02-21 04:25:03'),
    ('da36388b-caeb-491d-bd04-6eb4f604bc21','ddowsett19',false,'fb92f199-17a9-402e-91be-df1c5e1c46d6','2021-04-19 04:02:02','2021-12-06 19:44:20'),
    ('13c2587f-eed0-49b6-8bdc-4d7e41388e12','adubery2p',false,'524ccc04-9114-46a2-9ad9-3066e3a795f9','2021-04-15 10:16:53','2021-11-26 01:04:23'),
    ('a01d55f7-de89-4937-b475-d446dfe07709','adubery2p',false,'a380ca19-cbeb-463b-9605-bf33acf0cf91','2021-06-04 23:11:02','2021-10-19 11:14:45'),
    ('3498eb74-945e-48ff-8b44-096bf9431d9b','tmicco1h',false,'de6425c5-5a97-42d5-83dd-4df05710a7c4','2021-06-15 11:11:49','2021-11-06 01:30:31'),
    ('94cf98a4-8655-4c5f-a333-2a4768398bb4','ngrimbleby1m',false,'188471da-b6ae-4d4f-961a-9911889944ac','2021-08-25 00:50:52','2021-07-31 09:31:21'),
    ('f64ca52f-cfb5-494d-97a1-f34b1469a524','dyellowleae',false,'2f029551-33a0-4e85-9b3c-d5db66257f6e','2021-05-03 02:43:34','2022-02-17 08:43:08'),
    ('ca79aca9-2110-4ef7-9f7a-f5e7cbe127f5','ksantori13',false,'f3701fbd-fa88-465c-a460-7b70d211ef86','2021-10-01 05:54:05','2022-03-01 04:49:38'),
    ('b86e44f6-e3e3-4839-8b86-cd9c8e0cc992','nkeal2g',false,'188471da-b6ae-4d4f-961a-9911889944ac','2021-03-22 01:53:02','2022-02-20 19:12:24'),
    ('47c9df4b-0491-419a-b0f1-bb2ebb1e5e63','lsaby1p',false,'7c576af2-9eb8-4dd8-91df-93f032bf902d','2022-02-28 02:35:45','2022-01-01 10:42:06'),
    ('af491b08-642f-472d-8a04-a2b1847abaf5','jburnhill4',false,'d9b4bd53-ff65-4222-97c2-606ed80e000c','2021-03-24 00:40:08','2022-01-19 03:55:19'),
    ('cbbab222-587b-4a5f-9e3d-4b22e7d7097a','mbudibent2m',false,'23dff0ed-a3e4-4a55-b26c-64a39523577a','2021-05-13 18:41:02','2021-09-29 17:53:21'),
    ('9a26626c-392a-4db5-b4a1-1a92f9a0c36c','cedridge1n',false,'60d97c37-79a2-470b-a3e3-c9089aa43161','2021-08-22 22:17:24','2021-05-25 15:19:44'),
    ('11d2d311-3e66-441f-8d44-2cc7d5fa0698','adainton1j',false,'953617ea-37d3-41a8-a4e9-72e4dbe36995','2021-11-18 08:53:09','2021-03-28 20:31:01'),
    ('5cce43b9-80ea-4281-a8d4-6645f99ecd0c','dfollet23',false,'3a6f5699-e20f-4c4c-863f-23840db289e6','2022-03-19 03:51:33','2021-06-16 10:41:20'),
    ('3bfbaf30-a698-43d7-983d-c8d69d9e5f1f','ktydeman1x',false,'3a6f5699-e20f-4c4c-863f-23840db289e6','2021-11-15 18:42:31','2022-02-20 05:52:21'),
    ('fc7b0e34-9048-4314-ac9d-7d9dd835b5ae','flally1a',false,'30be9b14-dad3-442d-991c-53c05ee82e1e','2021-09-07 12:09:17','2021-12-23 00:36:29'),
    ('4bbbb27e-08d4-4ef5-951a-14c1a6e4260c','bpagek',false,'48a5b31e-f9d3-44ac-afc0-19bbce865812','2021-12-28 19:12:51','2021-11-13 06:34:52'),
    ('17694d98-f389-419e-9f3a-5c11c29a2b14','sjacquot27',false,'21867d92-39e2-4cc5-9e9b-193630f28f19','2021-07-25 16:56:26','2021-07-20 14:15:43'),
    ('6f396bcb-48ca-410d-8699-7f5016ca67f8','ksantori13',false,'da1a4777-85e5-47fc-ae75-853a7297c7e0','2021-09-23 03:02:38','2021-09-24 01:36:39'),
    ('5b74b72d-0be4-4cfa-8fbf-a460bcbb1d55','asugg0',True,'e3c2d8b0-5d38-46ff-bc26-45a6e936305f','2021-06-08 01:58:20','2021-10-23 16:11:18'),
    ('9c6f7916-a732-4bd6-b527-8b3f386743fe','iboddie1',True,'faf7f8fa-d42c-4515-a4b5-c1cab64fcd2b','2022-01-21 01:01:03','2021-06-09 02:02:55'),
    ('430c398d-7cc9-46be-bed3-92792d4a40fd','ckrook2',True,'a380ca19-cbeb-463b-9605-bf33acf0cf91','2022-01-12 15:56:26','2021-06-20 04:22:19'),
    ('d739efab-9e16-4328-abb8-bebc41a99174','jpatifield3',True,'c7ee62df-b57b-4069-9282-3fc5aff9944f','2022-01-15 11:34:12','2021-12-08 00:45:37'),
    ('b1ef27be-7c6d-4202-891a-2920634db7e3','bkelso4',True,'2f029551-33a0-4e85-9b3c-d5db66257f6e','2022-02-04 04:40:13','2021-11-12 08:10:14'),
    ('fa051b96-718f-4652-8864-fcf0f9d7e256','vmarks5',True,'9fc0c8f1-c4a0-40cb-9053-fa403b70ad18','2021-10-20 01:52:57','2021-04-16 23:15:31'),
    ('e0acffb2-f521-459f-8958-e6a7f7b92b00','swillimott6',True,'d9b4bd53-ff65-4222-97c2-606ed80e000c','2021-09-06 06:57:44','2021-04-06 22:30:02'),
    ('55a65598-21ec-4b32-8ca9-b58ee030be5f','charness7',True,'188471da-b6ae-4d4f-961a-9911889944ac','2021-08-27 21:08:24','2021-06-11 10:15:00'),
    ('4835ae34-c675-4a39-bf1f-ad99f1a55891','lbonnor8',True,'557f26c3-afac-44a4-8fd0-4be3e36f3caa','2022-03-20 21:36:09','2022-01-30 02:57:06'),
    ('42409ff0-923b-488e-bb4a-91343fc726b6','nohalloran9',True,'2f029551-33a0-4e85-9b3c-d5db66257f6e','2021-07-10 23:17:50','2021-10-26 17:25:59'),
    ('9e0a450e-354d-44f6-802f-67cb7a1b133c','mdunbobina',True,'483b056e-297a-4cf6-9b61-94fbdb2b8a37','2021-09-21 00:07:09','2021-10-02 22:57:16'),
    ('49118a58-06a1-4405-b288-9d8382fe68eb','apearchb',True,'da1a4777-85e5-47fc-ae75-853a7297c7e0','2021-10-22 03:32:32','2022-02-18 19:17:59'),
    ('0e470e40-64c4-4d1f-8847-c3d6bd06ba7b','aclaveyc',True,'f3701fbd-fa88-465c-a460-7b70d211ef86','2021-10-06 22:49:33','2022-02-04 20:46:07'),
    ('78f0e1a0-04a4-417e-99dd-3867cc57c1a5','fwalduckd',True,'3fa3a722-7a10-429d-86a9-8af7a25d104d','2021-05-25 19:03:24','2021-09-14 11:48:53'),
    ('c589ee5f-76a1-4275-bd00-556b1634328e','dmurdiee',True,'7c576af2-9eb8-4dd8-91df-93f032bf902d','2021-04-24 00:43:15','2022-03-06 08:27:40'),
    ('c7492319-a77f-4f63-8671-1975cb88e52d','lwreffordf',True,'f7a1c02b-3744-4199-acf3-aac72582bc6f','2022-01-27 15:03:45','2021-08-23 05:37:18'),
    ('defc702d-23fc-4fd5-99c1-5b06b177996e','wlocheadg',True,'dcc070c2-383d-46c1-8562-313bc3962550','2021-04-28 09:36:04','2021-04-16 02:48:30'),
    ('0b7e061e-3e4a-4504-9629-fb0d14468a44','ljakesh',True,'5990b1cf-286a-4b39-848d-d409a3c54f23','2021-03-31 17:34:03','2021-05-08 05:17:45'),
    ('669f91a1-938e-435b-abf7-60c46f30f974','naitoni',True,'3b6f358d-19db-4feb-adc9-c79cb7a4aeb8','2021-06-09 04:44:19','2021-07-12 14:37:22'),
    ('34e001bf-5c88-45f7-bf40-109fd77ea1f2','tezzyj',True,'d0a6805b-dd4c-47c6-8441-91ee973f0ef3','2022-03-07 12:47:38','2021-08-06 02:57:26'),
    ('72462a0f-e313-4ad4-9e5e-fc41ef521214','nmcgiffk',True,'7c576af2-9eb8-4dd8-91df-93f032bf902d','2021-08-16 15:33:17','2022-01-05 09:38:15'),
    ('f9ffad19-721d-4bcc-b8ce-dea2c6e704f7','hcannicottl',True,'a09ffd99-1fe7-4cf0-80a5-369990bee0d0','2021-08-30 04:23:21','2021-11-12 12:40:03'),
    ('41e05fa8-aa14-4000-9831-fa2548e5c327','ckleiserm',True,'71df5ada-385b-4dfa-ac86-439e61a85718','2021-04-01 04:45:05','2021-07-28 17:47:40'),
    ('e85e7da7-afc2-4600-870d-83b2601ac957','pbikkern',True,'de6425c5-5a97-42d5-83dd-4df05710a7c4','2021-04-18 21:32:00','2022-01-19 01:51:16'),
    ('d5b57f4b-e546-4c6b-8b09-c1449730f63d','bberryo',True,'48a5b31e-f9d3-44ac-afc0-19bbce865812','2021-03-21 18:55:19','2021-10-23 04:27:57'),
    ('c7f61f8e-f087-4238-a1a6-4463dbbdd67d','ccourteneyp',True,'7c576af2-9eb8-4dd8-91df-93f032bf902d','2021-07-27 01:26:19','2021-08-07 14:20:01'),
    ('eaca1944-2a7e-4dd1-9038-87595b0375fd','kmoggleq',True,'d0a6805b-dd4c-47c6-8441-91ee973f0ef3','2021-12-02 20:40:45','2021-07-20 18:34:12'),
    ('2b03960f-8829-4895-81ba-50f719b9f71f','damossr',True,'dc417a73-5d80-48bf-9bab-c1f192cfdfad','2022-01-04 09:06:28','2021-07-14 04:19:23'),
    ('a33885b8-16fe-443e-be10-a92b88a1d74c','beagleshams',True,'557f26c3-afac-44a4-8fd0-4be3e36f3caa','2021-12-13 10:39:15','2021-07-10 08:21:30'),
    ('6da1f198-fda9-474a-b1e1-42a0fccad78d','pmccrowt',True,'30be9b14-dad3-442d-991c-53c05ee82e1e','2021-06-12 10:44:11','2021-11-19 20:24:01'),
    ('f660cbb4-a511-4898-8cb2-1856e7c4bee6','cpurveru',True,'41512f5c-658d-4319-9003-36362f0f5f7c','2021-10-22 08:51:58','2021-05-13 15:55:53'),
    ('67a41793-8ebc-46b6-aef5-708d9c739e2e','keckv',True,'71df5ada-385b-4dfa-ac86-439e61a85718','2021-09-06 16:53:10','2022-03-13 22:16:18'),
    ('d80943e9-4f56-4a82-88de-64f755623edf','aoheneryw',True,'5990b1cf-286a-4b39-848d-d409a3c54f23','2021-06-07 02:59:20','2021-11-08 11:42:27'),
    ('f6144ed5-1566-45f5-bd74-b466c426d645','ttraylingx',True,'dcc070c2-383d-46c1-8562-313bc3962550','2021-09-30 16:57:52','2021-03-24 15:12:49'),
    ('4db32724-9821-46fa-a8c4-122f269b2df5','sjanningy',True,'6a1bc5ee-8a64-423a-b1a8-a3f56700377b','2022-02-01 06:16:34','2021-08-29 01:12:30'),
    ('ea5f2942-2bae-41b4-9f65-ff0dbc73bb2d','akrolikz',True,'a09ffd99-1fe7-4cf0-80a5-369990bee0d0','2021-12-27 05:15:21','2021-10-21 18:02:12'),
    ('7229a009-25dd-4d3b-9d59-9b2d3b3ce356','dvelden10',True,'e3c2d8b0-5d38-46ff-bc26-45a6e936305f','2021-08-15 23:34:37','2021-06-03 14:46:17'),
    ('3d1813ca-c6ca-4847-a32c-71e3ec4a42a4','ddecourcey11',True,'dcc070c2-383d-46c1-8562-313bc3962550','2022-01-12 13:51:01','2022-01-18 17:14:49'),
    ('54360b7b-1bc7-4a71-b94a-8a331974433d','ddawes12',True,'45a8bd45-80f5-41c8-a769-5ccc3ba06175','2021-11-12 10:44:00','2021-04-21 06:16:19'),
    ('b288a7c8-0444-48aa-9ec2-2668abd364c6','smilbourne13',True,'9fc0c8f1-c4a0-40cb-9053-fa403b70ad18','2021-03-25 23:26:30','2021-12-04 17:16:43'),
    ('9c1a66ab-32a6-4c84-a15a-9471ceb29372','nlait14',True,'d6249e95-3cfd-4171-bd39-3d31b126f156','2021-11-17 06:44:26','2022-02-01 04:43:13'),
    ('c25e875f-b27a-4245-b72d-be18847ee971','ltedstone15',True,'d0a6805b-dd4c-47c6-8441-91ee973f0ef3','2021-03-30 00:40:59','2021-10-31 22:21:48'),
    ('82b858c4-3b2d-4262-9c1e-8c4e6f260ba7','sskilton16',True,'da1a4777-85e5-47fc-ae75-853a7297c7e0','2021-12-03 20:33:38','2022-01-27 20:41:10'),
    ('f6a10d5d-539c-4340-b603-32cb11c4580e','glamzed17',True,'bbbd366e-94b1-4197-beed-cb1fa94f39f5','2022-01-22 07:21:34','2021-08-22 23:09:01'),
    ('747fbc92-21ab-4df1-aa9f-745b76a09c60','kglanvill18',True,'dcc070c2-383d-46c1-8562-313bc3962550','2021-08-19 21:33:25','2022-02-10 14:52:29'),
    ('53c0d3fe-cdf7-4b87-bb32-899b33320f73','ahardwin19',True,'30be9b14-dad3-442d-991c-53c05ee82e1e','2021-10-14 10:09:25','2021-07-09 06:29:58'),
    ('31331bed-ecf9-4494-a14b-b67c2af87885','pmaps1a',True,'bbbd366e-94b1-4197-beed-cb1fa94f39f5','2021-04-25 00:11:46','2021-04-18 22:49:45'),
    ('17bc9fe7-85c8-4bbd-8425-de657fe9cb1b','kbanasevich1b',True,'5e046075-f17c-42e0-b166-90aef27d87d4','2021-06-03 05:21:37','2021-04-16 01:17:59'),
    ('47a5bdc0-2366-46e8-bd3d-875f62f66219','smcgee1c',True,'a380ca19-cbeb-463b-9605-bf33acf0cf91','2021-10-24 22:53:54','2021-06-20 16:40:13'),
    ('23d47b01-58ae-4a16-965c-39cf2a0c012b','bkenderdine1d',True,'d9b4bd53-ff65-4222-97c2-606ed80e000c','2021-08-09 23:35:10','2021-09-12 12:58:57'),
    ('4c9f474e-713b-4e8a-a5c0-863a400d9b04','kbanisch1e',True,'41512f5c-658d-4319-9003-36362f0f5f7c','2022-01-05 23:44:16','2021-03-21 00:41:25'),
    ('8ba0535c-4255-49cc-ba75-b1fae06bd6cf','bbatcheldor1f',True,'11b1b05f-1792-4c3e-a0df-2f92cdeca489','2021-09-12 21:27:46','2022-01-19 13:48:09'),
    ('80274ad1-d236-4c8a-bdbe-7c016aaf662e','pmorcomb1g',True,'da4d529d-aecd-46c7-85ef-79ffff5b526e','2021-10-05 07:35:56','2021-09-01 17:13:07'),
    ('7367c071-898b-4a96-b16f-dc92ee502455','twinspurr1h',True,'3a6f5699-e20f-4c4c-863f-23840db289e6','2021-04-16 23:00:19','2021-10-15 00:36:12'),
    ('7e006055-761e-4665-99fa-5e533490c2de','hmacgeaney1i',True,'a380ca19-cbeb-463b-9605-bf33acf0cf91','2021-07-15 12:42:51','2022-01-25 12:44:16'),
    ('532524c9-4ab6-455e-bb7e-f56bd043f66e','mpoppleton1j',True,'dc417a73-5d80-48bf-9bab-c1f192cfdfad','2021-08-19 02:56:34','2021-11-02 05:06:06'),
    ('93aae378-86c4-4349-a3c3-da1953ee57a7','cocullinane1k',True,'5e046075-f17c-42e0-b166-90aef27d87d4','2022-01-27 11:32:35','2021-12-19 15:48:05'),
    ('cfdcf2d9-7c4b-4a27-b01e-4c1dcd421598','lshayes1l',True,'9fc0c8f1-c4a0-40cb-9053-fa403b70ad18','2021-04-26 01:52:56','2021-06-18 03:20:58'),
    ('959a6c44-b84a-4ecc-8548-7fb23cb2a680','adurston1m',True,'a09ffd99-1fe7-4cf0-80a5-369990bee0d0','2021-08-15 01:26:06','2021-12-03 15:37:03'),
    ('9a4f31bf-7848-4495-b2e5-276d88f93b71','uesselin1n',True,'faf7f8fa-d42c-4515-a4b5-c1cab64fcd2b','2022-01-27 06:00:59','2021-07-22 06:37:52'),
    ('7b87c4c1-b7a3-4ef0-9ce5-807dbfb539ac','cdonne1o',True,'6a1bc5ee-8a64-423a-b1a8-a3f56700377b','2021-05-14 16:21:33','2022-03-16 22:40:14'),
    ('bd6514b9-9b29-4247-98bb-bfd0ffab6e4f','mbagge1p',True,'a09ffd99-1fe7-4cf0-80a5-369990bee0d0','2021-11-07 13:21:52','2021-10-02 17:53:52'),
    ('74430b81-7146-442d-aeb5-e6b774e2fa24','tbrimman1q',True,'bbbd366e-94b1-4197-beed-cb1fa94f39f5','2021-10-16 18:08:04','2021-05-27 05:26:18'),
    ('5b46cd3a-c5db-42f2-a7bf-7e0fbe3e833f','nclevely1r',True,'524ccc04-9114-46a2-9ad9-3066e3a795f9','2022-03-05 15:18:00','2021-04-30 23:13:21'),
    ('0c45989c-4369-4664-ab9e-ddfbf8caae26','cdenial1s',True,'21867d92-39e2-4cc5-9e9b-193630f28f19','2021-10-15 19:21:25','2021-10-19 17:56:50'),
    ('d636d3e7-5520-4012-9b13-b811b6af7e69','tparmiter1t',True,'45a8bd45-80f5-41c8-a769-5ccc3ba06175','2021-08-06 00:46:27','2021-10-16 00:13:33'),
    ('bc056dfe-d0d0-4273-b341-82a20053f73f','rsolly1u',True,'f3701fbd-fa88-465c-a460-7b70d211ef86','2021-06-18 00:49:23','2021-04-09 14:00:09'),
    ('d6466b58-9e86-4e43-aec0-a005b758e2ad','gtassel1v',True,'dc417a73-5d80-48bf-9bab-c1f192cfdfad','2021-10-28 20:02:03','2021-06-13 10:32:27'),
    ('6b22421e-c386-4b80-a9e9-c225e5338930','acrickmoor1w',True,'da1a4777-85e5-47fc-ae75-853a7297c7e0','2021-07-11 03:34:20','2022-02-10 07:11:07'),
    ('bd5825ee-c530-4173-8174-6b45cfb94c8c','enewburn1x',True,'5e046075-f17c-42e0-b166-90aef27d87d4','2021-06-16 08:15:19','2022-03-13 17:15:34'),
    ('ef1ac651-101a-49c8-ba00-33c111fe60ad','arabbet1y',True,'11b1b05f-1792-4c3e-a0df-2f92cdeca489','2021-10-30 18:27:58','2021-08-07 18:25:23'),
    ('6943211a-624b-4a38-976a-0cbccad7d834','rstirton1z',True,'5e046075-f17c-42e0-b166-90aef27d87d4','2022-02-19 22:20:29','2021-08-20 17:49:24'),
    ('4519bb6c-c2b1-4fbe-91c8-a549a0b077b3','rburghill20',True,'188471da-b6ae-4d4f-961a-9911889944ac','2021-07-15 02:42:01','2021-10-27 13:25:17'),
    ('2f87f88d-8ab1-4f67-a336-2e79a5021ef1','gpippin21',True,'3a6f5699-e20f-4c4c-863f-23840db289e6','2021-12-16 02:29:24','2021-04-14 17:51:54'),
    ('9340c52c-2e7e-4237-b77b-747fbc26480f','vredington22',True,'11b1b05f-1792-4c3e-a0df-2f92cdeca489','2022-02-11 08:17:32','2021-05-27 09:21:41'),
    ('ae3c40a9-7384-410c-a320-e750a24e500f','esiemens23',True,'11b1b05f-1792-4c3e-a0df-2f92cdeca489','2021-10-21 01:12:05','2021-12-29 05:22:00'),
    ('b9317f9e-e17e-4804-8aa6-3a9004251355','jlindback24',True,'7c576af2-9eb8-4dd8-91df-93f032bf902d','2021-12-01 12:45:09','2021-04-07 09:25:02'),
    ('8a701acc-1c52-4f84-a3e9-454ae883cb48','dkellitt25',True,'71df5ada-385b-4dfa-ac86-439e61a85718','2021-10-22 04:42:55','2022-01-25 14:15:53'),
    ('34955251-add5-4a34-850e-7a5fd3df4b03','cdahlman26',True,'483b056e-297a-4cf6-9b61-94fbdb2b8a37','2021-04-28 06:01:30','2021-12-17 02:02:45'),
    ('d99e478e-b7e6-45d9-84a1-4a4c5d2057f2','acotterell27',True,'5990b1cf-286a-4b39-848d-d409a3c54f23','2022-01-18 12:26:00','2022-02-24 00:56:24'),
    ('74d48c03-6995-40bb-8b0d-15c3258d5c8d','eouthwaite28',True,'21867d92-39e2-4cc5-9e9b-193630f28f19','2021-08-26 08:11:07','2021-04-05 19:30:20'),
    ('d0a4a34a-4a21-4d0e-b301-bf85943dc9a5','storpie29',True,'991ce11a-bff3-4d28-ab40-fe0d3ec1e73b','2022-01-31 02:23:31','2021-06-21 23:37:22'),
    ('815fd1ed-75a8-46e6-917d-24f317e298d7','sbunford2a',True,'2f029551-33a0-4e85-9b3c-d5db66257f6e','2021-10-13 14:22:10','2021-09-22 19:04:40'),
    ('4395efb9-3980-4ddf-a3da-f09061810606','sjillis2b',True,'e3c2d8b0-5d38-46ff-bc26-45a6e936305f','2021-11-26 15:56:51','2021-12-24 05:53:57'),
    ('a6ce1403-a885-4f18-8684-157af910ea86','ssymon2c',True,'991ce11a-bff3-4d28-ab40-fe0d3ec1e73b','2021-08-15 15:21:42','2021-04-16 21:33:43'),
    ('de84ce41-0e02-4d41-a2f7-20ca9b9ca147','yheineke2d',True,'fb92f199-17a9-402e-91be-df1c5e1c46d6','2021-07-19 16:19:41','2022-01-10 22:40:42'),
    ('32c75bea-7658-4e7b-b2aa-801fcfaec39d','dmccaughan2e',True,'557f26c3-afac-44a4-8fd0-4be3e36f3caa','2021-12-01 02:44:21','2021-09-30 20:44:41'),
    ('8c62da34-4182-46e9-b749-37f5a112d553','baxe2f',True,'3b6f358d-19db-4feb-adc9-c79cb7a4aeb8','2021-09-10 18:49:07','2022-02-21 14:50:56'),
    ('3f6b1b4f-b4fb-496e-8b07-195a2add9ec0','vklasen2g',True,'a09ffd99-1fe7-4cf0-80a5-369990bee0d0','2021-12-31 22:48:02','2022-01-21 06:16:13'),
    ('b5bd17f1-da77-4a8f-ad18-3af43b53c9cf','lanand2h',True,'3dca0a5a-6b43-41cd-86f7-9a6de83e4f05','2021-06-27 16:31:13','2021-08-29 14:43:03'),
    ('54043817-3990-4b58-9c29-959b61bcdf1f','sbrazier2i',True,'41512f5c-658d-4319-9003-36362f0f5f7c','2021-11-03 01:04:08','2021-06-30 01:04:00'),
    ('690248a0-aed1-425d-8998-25f45054b799','gmaccolm2j',True,'41512f5c-658d-4319-9003-36362f0f5f7c','2021-10-02 18:21:52','2021-12-20 14:13:04'),
    ('f5d11cf9-b481-409b-8ef6-45c544a7f0ee','scanet2k',True,'2f029551-33a0-4e85-9b3c-d5db66257f6e','2021-11-06 17:50:24','2021-07-06 20:24:09'),
    ('147791b1-8844-4dfd-933f-166cc999e278','ksambath2l',True,'5990b1cf-286a-4b39-848d-d409a3c54f23','2021-10-29 00:01:49','2021-11-18 21:29:34'),
    ('b85838e7-d595-4916-a94e-c7cbf6216fd3','cmcdill2m',True,'2f029551-33a0-4e85-9b3c-d5db66257f6e','2022-01-15 00:58:57','2021-06-04 06:07:13'),
    ('84b31365-e128-41c3-b11a-dc7e95522a3a','apreshaw2n',True,'d6249e95-3cfd-4171-bd39-3d31b126f156','2021-10-18 23:26:01','2022-03-14 20:31:36'),
    ('7437441f-0199-43c4-9c47-3651c1db4808','kclilverd2o',True,'928366d7-ce9b-4ce1-891f-5b218fbc0d48','2021-06-27 01:13:45','2021-04-10 08:37:34'),
    ('f4a29c97-ee82-48a1-b1a4-f9f0a2f1919b','losgorby2p',True,'a380ca19-cbeb-463b-9605-bf33acf0cf91','2022-01-22 00:09:14','2021-05-05 04:37:39'),
    ('10df4eee-8fdf-4b10-9ce4-2a19013c8431','gstenning2q',True,'524ccc04-9114-46a2-9ad9-3066e3a795f9','2021-04-08 00:57:49','2021-10-10 04:08:59'),
    ('e4465bc4-b1ba-4a3f-918b-051734c938f9','tcheeseman2r',True,'a09ffd99-1fe7-4cf0-80a5-369990bee0d0','2021-08-05 05:54:42','2021-10-04 22:52:02');


CREATE TABLE IF NOT EXISTS messages (
    `id` VARCHAR(36),
    `content` VARCHAR(389),
    `author` VARCHAR(36),
    `event_id` VARCHAR(36),
    `media` JSON,
    `created_at` DATETIME,
    `updated_at` DATETIME
) ENGINE=INNODB;

ALTER TABLE `messages`
ADD CONSTRAINT `fk_message_event` FOREIGN KEY (`event_id`) REFERENCES `events`(`id`) ON DELETE CASCADE ON UPDATE CASCADE;
    
ALTER TABLE `messages` 
ADD CONSTRAINT `fk_message_member` FOREIGN KEY (`author`) REFERENCES `members`(`id`) ON DELETE CASCADE ON UPDATE CASCADE;

INSERT INTO messages VALUES
    ('90e9b304-831f-4ed6-b52b-fa660c6da09b','Vestibulum ante ipsum primis in faucibus orci luctus et ultrices posuere cubilia Curae; Duis faucibus accumsan odio. Curabitur convallis. Duis consequat dui nec nisi volutpat eleifend. Donec ut dolor.','0b7e061e-3e4a-4504-9629-fb0d14468a44','af7e8965-2e26-4b53-8e62-4dbc01de5528','{"img": "http://dummyimage.com/227x100.png/cc0000/ffffff","link": "http://dummyimage.com/206x100.png/ff4444/ffffff"}','2021-09-01 15:19:28','2021-05-18 17:20:49'),
    ('9de5c81e-8906-4a42-957d-245e249e0f10','Quisque porta volutpat erat.','9c6f7916-a732-4bd6-b527-8b3f386743fe','3b6f358d-19db-4feb-adc9-c79cb7a4aeb8','{"img": "http://dummyimage.com/227x100.png/cc0000/ffffff","link": "http://dummyimage.com/206x100.png/ff4444/ffffff"}','2021-12-06 14:06:40','2021-12-16 04:50:19'),
    ('389beb13-e95f-446f-a2b7-4c6e5a3a6608','Ut at dolor quis odio consequat varius. Integer ac leo. Pellentesque ultrices mattis odio. Donec vitae nisi.','41e05fa8-aa14-4000-9831-fa2548e5c327','5990b1cf-286a-4b39-848d-d409a3c54f23','{"img": "http://dummyimage.com/227x100.png/cc0000/ffffff","link": "http://dummyimage.com/206x100.png/ff4444/ffffff"}','2022-03-14 23:07:43','2021-06-17 06:24:02'),
    ('db5ba48c-caaf-4794-a77c-e3fdae6134e4','Proin risus. Praesent lectus. Vestibulum quam sapien, varius ut, blandit non, interdum in, ante.','cfa15a19-b5b5-4c3c-8272-3d2a8f0cf568','928366d7-ce9b-4ce1-891f-5b218fbc0d48','{"img": "http://dummyimage.com/227x100.png/cc0000/ffffff","link": "http://dummyimage.com/206x100.png/ff4444/ffffff"}','2021-12-18 20:28:06','2021-07-25 11:11:22'),
    ('abe1a435-b356-495d-80e9-8c47549a69e3','Cras in purus eu magna vulputate luctus. Cum sociis natoque penatibus et magnis dis parturient montes, nascetur ridiculus mus. Vivamus vestibulum sagittis sapien.','7ca729f6-1b74-4bf1-b8e0-ade8b6192f04','48a5b31e-f9d3-44ac-afc0-19bbce865812','{"img": "http://dummyimage.com/227x100.png/cc0000/ffffff","link": "http://dummyimage.com/206x100.png/ff4444/ffffff"}','2022-02-19 13:02:29','2021-09-15 11:58:59'),
    ('b092893f-45c4-4269-9950-e5e0f7bcd93a','Proin interdum mauris non ligula pellentesque ultrices. Phasellus id sapien in sapien iaculis congue. Vivamus metus arcu, adipiscing molestie, hendrerit at, vulputate vitae, nisl.','6da1f198-fda9-474a-b1e1-42a0fccad78d','188471da-b6ae-4d4f-961a-9911889944ac','{"img": "http://dummyimage.com/227x100.png/cc0000/ffffff","link": "http://dummyimage.com/206x100.png/ff4444/ffffff"}','2021-05-04 15:29:16','2021-08-22 07:20:35'),
    ('d2c849c5-f0cb-49b7-9602-b7d2a3a2932a','Vivamus vestibulum sagittis sapien. Cum sociis natoque penatibus et magnis dis parturient montes, nascetur ridiculus mus. Etiam vel augue. Vestibulum rutrum rutrum neque.','6943211a-624b-4a38-976a-0cbccad7d834','23dff0ed-a3e4-4a55-b26c-64a39523577a','{"img": "http://dummyimage.com/227x100.png/cc0000/ffffff","link": "http://dummyimage.com/206x100.png/ff4444/ffffff"}','2021-06-10 04:43:55','2021-10-22 00:32:09'),
    ('55294e33-090e-44cf-a489-c082a3ad92a7','Integer ac neque. Duis bibendum. Morbi non quam nec dui luctus rutrum.','c7fcc53a-0b5e-4c6e-a2f9-6cfbdf2ea1a7','fb92f199-17a9-402e-91be-df1c5e1c46d6','{"img": "http://dummyimage.com/227x100.png/cc0000/ffffff","link": "http://dummyimage.com/206x100.png/ff4444/ffffff"}','2022-01-30 03:54:24','2021-04-19 11:04:48'),
    ('dde862dd-b864-4c15-b349-b743e7bd19ac','Nullam orci pede, venenatis non, sodales sed, tincidunt eu, felis. Fusce posuere felis sed lacus. Morbi sem mauris, laoreet ut, rhoncus aliquet, pulvinar sed, nisl. Nunc rhoncus dui vel sem. Sed sagittis.','f64ca52f-cfb5-494d-97a1-f34b1469a524','23dff0ed-a3e4-4a55-b26c-64a39523577a','{"img": "http://dummyimage.com/227x100.png/cc0000/ffffff","link": "http://dummyimage.com/206x100.png/ff4444/ffffff"}','2021-06-07 13:52:13','2021-11-24 01:47:07'),
    ('c0efbc32-92fd-4a42-a52a-da79618c2524','Nulla nisl. Nunc nisl. Duis bibendum, felis sed interdum venenatis, turpis enim blandit mi, in porttitor pede justo eu massa. Donec dapibus.','ef56e5f8-fe2e-416e-b274-5213c74f79f7','953617ea-37d3-41a8-a4e9-72e4dbe36995','{"img": "http://dummyimage.com/227x100.png/cc0000/ffffff","link": "http://dummyimage.com/206x100.png/ff4444/ffffff"}','2021-12-23 21:57:58','2021-07-07 10:28:28'),
    ('03b0f3c5-109b-4e76-9bfb-0ba7156c747a','Aenean sit amet justo. Morbi ut odio. Cras mi pede, malesuada in, imperdiet et, commodo vulputate, justo. In blandit ultrices enim. Lorem ipsum dolor sit amet, consectetuer adipiscing elit.','67a41793-8ebc-46b6-aef5-708d9c739e2e','da4d529d-aecd-46c7-85ef-79ffff5b526e','{"img": "http://dummyimage.com/227x100.png/cc0000/ffffff","link": "http://dummyimage.com/206x100.png/ff4444/ffffff"}','2022-02-15 07:43:49','2021-10-29 13:16:02'),
    ('30de8c37-d129-472a-be04-eac38a14045a','Morbi non quam nec dui luctus rutrum. Nulla tellus.','9a4f31bf-7848-4495-b2e5-276d88f93b71','483b056e-297a-4cf6-9b61-94fbdb2b8a37','{"img": "http://dummyimage.com/227x100.png/cc0000/ffffff","link": "http://dummyimage.com/206x100.png/ff4444/ffffff"}','2021-04-04 16:52:31','2021-05-19 00:13:55'),
    ('84395a94-587a-4eaa-8f84-3d2e773e1633','Vestibulum ac est lacinia nisi venenatis tristique. Fusce congue, diam id ornare imperdiet, sapien urna pretium nisl, ut volutpat sapien arcu sed augue. Aliquam erat volutpat. In congue.','7437441f-0199-43c4-9c47-3651c1db4808','71df5ada-385b-4dfa-ac86-439e61a85718','{"img": "http://dummyimage.com/227x100.png/cc0000/ffffff","link": "http://dummyimage.com/206x100.png/ff4444/ffffff"}','2022-02-05 08:42:15','2021-10-07 13:18:42'),
    ('703394f8-f5e9-4eee-a979-c10a6daa01f5','Maecenas leo odio, condimentum id, luctus nec, molestie sed, justo. Pellentesque viverra pede ac diam. Cras pellentesque volutpat dui. Maecenas tristique, est et tempus semper, est quam pharetra magna, ac consequat metus sapien ut nunc.','4519bb6c-c2b1-4fbe-91c8-a549a0b077b3','21867d92-39e2-4cc5-9e9b-193630f28f19','{"img": "http://dummyimage.com/227x100.png/cc0000/ffffff","link": "http://dummyimage.com/206x100.png/ff4444/ffffff"}','2021-03-23 15:54:25','2021-08-21 23:34:44'),
    ('2e5d569e-5bb6-45b1-9a62-1342bc2497af','Etiam pretium iaculis justo.','55a65598-21ec-4b32-8ca9-b58ee030be5f','188471da-b6ae-4d4f-961a-9911889944ac','{"img": "http://dummyimage.com/227x100.png/cc0000/ffffff","link": "http://dummyimage.com/206x100.png/ff4444/ffffff"}','2021-09-04 20:21:18','2022-02-24 13:18:17'),
    ('d315c1e6-7842-42e2-994f-ed93b38fc4d6','Vestibulum ante ipsum primis in faucibus orci luctus et ultrices posuere cubilia Curae; Mauris viverra diam vitae quam. Suspendisse potenti. Nullam porttitor lacus at turpis. Donec posuere metus vitae ipsum.','d80943e9-4f56-4a82-88de-64f755623edf','da1a4777-85e5-47fc-ae75-853a7297c7e0','{"img": "http://dummyimage.com/227x100.png/cc0000/ffffff","link": "http://dummyimage.com/206x100.png/ff4444/ffffff"}','2021-06-22 12:58:53','2021-05-12 14:55:17'),
    ('bdfbd61d-ea92-49ec-a2de-238c0d8d2999','Lorem ipsum dolor sit amet, consectetuer adipiscing elit. Proin risus.','7367c071-898b-4a96-b16f-dc92ee502455','9fc0c8f1-c4a0-40cb-9053-fa403b70ad18','{"img": "http://dummyimage.com/227x100.png/cc0000/ffffff","link": "http://dummyimage.com/206x100.png/ff4444/ffffff"}','2022-02-11 08:51:17','2021-09-12 06:21:52'),
    ('b85a3f93-a3a6-4c67-8412-562919f5b06d','Aenean lectus.','f3a68282-1093-4064-ba09-9e7ffeb11e91','de6425c5-5a97-42d5-83dd-4df05710a7c4','{"img": "http://dummyimage.com/227x100.png/cc0000/ffffff","link": "http://dummyimage.com/206x100.png/ff4444/ffffff"}','2021-06-11 01:05:48','2022-03-06 10:17:29'),
    ('fcf5065a-6663-44ea-911d-4dc8067b402c','Integer a nibh. In quis justo. Maecenas rhoncus aliquam lacus.','53c0d3fe-cdf7-4b87-bb32-899b33320f73','30be9b14-dad3-442d-991c-53c05ee82e1e','{"img": "http://dummyimage.com/227x100.png/cc0000/ffffff","link": "http://dummyimage.com/206x100.png/ff4444/ffffff"}','2021-03-31 19:26:29','2021-04-21 09:13:06'),
    ('4fb2a25b-cb5a-4b43-a5e6-2d05dc0f622a','Sed ante. Vivamus tortor.','6da1f198-fda9-474a-b1e1-42a0fccad78d','557f26c3-afac-44a4-8fd0-4be3e36f3caa','{"img": "http://dummyimage.com/227x100.png/cc0000/ffffff","link": "http://dummyimage.com/206x100.png/ff4444/ffffff"}','2021-07-27 19:15:25','2021-04-12 17:36:04'),
    ('ceb03058-37e5-47e3-b3d1-044ac3ce8b33','Aenean sit amet justo. Morbi ut odio. Cras mi pede, malesuada in, imperdiet et, commodo vulputate, justo. In blandit ultrices enim.','b61290ac-1fe6-49ea-82ce-a3f53903a96e','699c04e6-c97f-44f7-b9c6-2c490ecbe9ef','{"img": "http://dummyimage.com/227x100.png/cc0000/ffffff","link": "http://dummyimage.com/206x100.png/ff4444/ffffff"}','2021-06-25 21:31:12','2021-08-05 22:48:44'),
    ('68e759ad-086c-4a70-9a29-0a990b7d5fff','Maecenas rhoncus aliquam lacus. Morbi quis tortor id nulla ultrices aliquet. Maecenas leo odio, condimentum id, luctus nec, molestie sed, justo. Pellentesque viverra pede ac diam. Cras pellentesque volutpat dui.','8ba0535c-4255-49cc-ba75-b1fae06bd6cf','21867d92-39e2-4cc5-9e9b-193630f28f19','{"img": "http://dummyimage.com/227x100.png/cc0000/ffffff","link": "http://dummyimage.com/206x100.png/ff4444/ffffff"}','2021-12-25 05:25:39','2021-09-22 18:21:58'),
    ('293262cc-8f31-4b6e-ae8c-349791c760fa','Donec odio justo, sollicitudin ut, suscipit a, feugiat et, eros. Vestibulum ac est lacinia nisi venenatis tristique.','747fbc92-21ab-4df1-aa9f-745b76a09c60','de6425c5-5a97-42d5-83dd-4df05710a7c4','{"img": "http://dummyimage.com/227x100.png/cc0000/ffffff","link": "http://dummyimage.com/206x100.png/ff4444/ffffff"}','2021-04-10 02:37:44','2021-06-30 11:06:09'),
    ('6e38807a-5346-43db-9294-af10efb550fa','Vestibulum quam sapien, varius ut, blandit non, interdum in, ante.','12b2b5ac-ee17-4638-b2b3-2b3a4ab5b651','3fa3a722-7a10-429d-86a9-8af7a25d104d','{"img": "http://dummyimage.com/227x100.png/cc0000/ffffff","link": "http://dummyimage.com/206x100.png/ff4444/ffffff"}','2022-03-01 16:57:25','2021-09-12 03:29:06'),
    ('c3a691c5-56ef-4f7a-a0d5-f4b64edb4f49','Donec vitae nisi. Nam ultrices, libero non mattis pulvinar, nulla pede ullamcorper augue, a suscipit nulla elit ac nulla. Sed vel enim sit amet nunc viverra dapibus. Nulla suscipit ligula in lacus.','84b31365-e128-41c3-b11a-dc7e95522a3a','991ce11a-bff3-4d28-ab40-fe0d3ec1e73b','{"img": "http://dummyimage.com/227x100.png/cc0000/ffffff","link": "http://dummyimage.com/206x100.png/ff4444/ffffff"}','2021-11-06 23:17:16','2022-03-05 21:46:38'),
    ('36c88a53-9a4f-4a54-a7f1-dd5d744cc8b5','Fusce posuere felis sed lacus. Morbi sem mauris, laoreet ut, rhoncus aliquet, pulvinar sed, nisl.','34e001bf-5c88-45f7-bf40-109fd77ea1f2','da4d529d-aecd-46c7-85ef-79ffff5b526e','{"img": "http://dummyimage.com/227x100.png/cc0000/ffffff","link": "http://dummyimage.com/206x100.png/ff4444/ffffff"}','2021-06-13 05:16:49','2021-10-11 13:27:31'),
    ('68846386-429b-4fdc-bfe2-c8bdbcd7886e','Maecenas leo odio, condimentum id, luctus nec, molestie sed, justo. Pellentesque viverra pede ac diam.','94cf98a4-8655-4c5f-a333-2a4768398bb4','d0a6805b-dd4c-47c6-8441-91ee973f0ef3','{"img": "http://dummyimage.com/227x100.png/cc0000/ffffff","link": "http://dummyimage.com/206x100.png/ff4444/ffffff"}','2021-12-22 00:39:23','2021-09-03 11:02:24'),
    ('49a60c35-a85e-4cab-9165-046852acd95f','In eleifend quam a odio. In hac habitasse platea dictumst. Maecenas ut massa quis augue luctus tincidunt.','54360b7b-1bc7-4a71-b94a-8a331974433d','46f4ab56-7012-4e31-b431-547e15e1fab3','{"img": "http://dummyimage.com/227x100.png/cc0000/ffffff","link": "http://dummyimage.com/206x100.png/ff4444/ffffff"}','2022-03-09 09:55:27','2021-09-28 17:10:59'),
    ('e159fd4b-693a-4c2a-a60f-71d9377fd466','Donec ut dolor. Morbi vel lectus in quam fringilla rhoncus. Mauris enim leo, rhoncus sed, vestibulum sit amet, cursus id, turpis. Integer aliquet, massa id lobortis convallis, tortor risus dapibus augue, vel accumsan tellus nisi eu orci.','71945858-29c4-4d6b-a144-51c10d6921c9','af7e8965-2e26-4b53-8e62-4dbc01de5528','{"img": "http://dummyimage.com/227x100.png/cc0000/ffffff","link": "http://dummyimage.com/206x100.png/ff4444/ffffff"}','2021-11-15 05:47:58','2021-04-16 00:04:45'),
    ('c660e4e5-7e6e-4922-8399-a3a6259adbcd','Integer ac leo.','7437441f-0199-43c4-9c47-3651c1db4808','3b6f358d-19db-4feb-adc9-c79cb7a4aeb8','{"img": "http://dummyimage.com/227x100.png/cc0000/ffffff","link": "http://dummyimage.com/206x100.png/ff4444/ffffff"}','2021-12-17 23:33:39','2021-09-21 20:17:10'),
    ('3e60bc47-62d7-4efa-bbf1-7fad71e26174','Vivamus vestibulum sagittis sapien. Cum sociis natoque penatibus et magnis dis parturient montes, nascetur ridiculus mus. Etiam vel augue. Vestibulum rutrum rutrum neque.','f4a29c97-ee82-48a1-b1a4-f9f0a2f1919b','483b056e-297a-4cf6-9b61-94fbdb2b8a37','{"img": "http://dummyimage.com/227x100.png/cc0000/ffffff","link": "http://dummyimage.com/206x100.png/ff4444/ffffff"}','2021-10-09 21:43:10','2021-08-28 06:49:41'),
    ('8ac52262-12b2-49e3-9df1-0c653de9ad5a','Nulla ac enim.','4bbbb27e-08d4-4ef5-951a-14c1a6e4260c','9a3f6f19-3f79-4079-ae09-807e813857fa','{"img": "http://dummyimage.com/227x100.png/cc0000/ffffff","link": "http://dummyimage.com/206x100.png/ff4444/ffffff"}','2021-08-05 08:59:12','2022-03-09 23:14:03'),
    ('6b31b2b5-317d-4134-9cd6-7cf1c34affc5','Nullam sit amet turpis elementum ligula vehicula consequat. Morbi a ipsum. Integer a nibh. In quis justo.','9ae959d7-4a94-4a02-8702-c5b1aee62134','faf7f8fa-d42c-4515-a4b5-c1cab64fcd2b','{"img": "http://dummyimage.com/227x100.png/cc0000/ffffff","link": "http://dummyimage.com/206x100.png/ff4444/ffffff"}','2021-06-12 13:32:07','2021-09-17 02:05:39'),
    ('898e81fa-c8f6-4e4a-8042-215de7e27f98','Maecenas leo odio, condimentum id, luctus nec, molestie sed, justo. Pellentesque viverra pede ac diam. Cras pellentesque volutpat dui.','41354bf9-84d2-4dd4-9e6b-ffc1c8dc0f22','da1a4777-85e5-47fc-ae75-853a7297c7e0','{"img": "http://dummyimage.com/227x100.png/cc0000/ffffff","link": "http://dummyimage.com/206x100.png/ff4444/ffffff"}','2021-05-25 01:46:14','2021-04-24 04:54:18'),
    ('ec054f6d-1078-42ee-91b6-3f159d63a64a','Donec vitae nisi. Nam ultrices, libero non mattis pulvinar, nulla pede ullamcorper augue, a suscipit nulla elit ac nulla. Sed vel enim sit amet nunc viverra dapibus. Nulla suscipit ligula in lacus.','f6b4d39b-5d7a-43ef-9220-ca5491a77bef','483b056e-297a-4cf6-9b61-94fbdb2b8a37','{"img": "http://dummyimage.com/227x100.png/cc0000/ffffff","link": "http://dummyimage.com/206x100.png/ff4444/ffffff"}','2021-05-18 07:26:10','2021-07-15 10:56:42'),
    ('9dcd8152-0216-4ebe-9858-33a2ff754b04','Duis mattis egestas metus. Aenean fermentum. Donec ut mauris eget massa tempor convallis. Nulla neque libero, convallis eget, eleifend luctus, ultricies eu, nibh.','40207d72-7ef1-472f-8a11-a22c887db691','5e046075-f17c-42e0-b166-90aef27d87d4','{"img": "http://dummyimage.com/227x100.png/cc0000/ffffff","link": "http://dummyimage.com/206x100.png/ff4444/ffffff"}','2021-12-10 02:36:15','2021-11-18 21:51:34'),
    ('73940f17-b14a-4549-bb4b-44e0b308977c','In quis justo. Maecenas rhoncus aliquam lacus. Morbi quis tortor id nulla ultrices aliquet. Maecenas leo odio, condimentum id, luctus nec, molestie sed, justo. Pellentesque viverra pede ac diam.','520d0dc7-1c64-452e-9605-2980a1bafa52','11b1b05f-1792-4c3e-a0df-2f92cdeca489','{"img": "http://dummyimage.com/227x100.png/cc0000/ffffff","link": "http://dummyimage.com/206x100.png/ff4444/ffffff"}','2021-12-20 19:12:20','2021-08-08 04:47:15'),
    ('526c980a-6a67-43f4-9206-22bb25b17b44','Praesent id massa id nisl venenatis lacinia. Aenean sit amet justo. Morbi ut odio. Cras mi pede, malesuada in, imperdiet et, commodo vulputate, justo. In blandit ultrices enim.','2f87f88d-8ab1-4f67-a336-2e79a5021ef1','699c04e6-c97f-44f7-b9c6-2c490ecbe9ef','{"img": "http://dummyimage.com/227x100.png/cc0000/ffffff","link": "http://dummyimage.com/206x100.png/ff4444/ffffff"}','2022-03-19 15:23:25','2021-09-09 03:34:56'),
    ('24dc32e6-0adc-4f23-91aa-b5fb7b8c5067','Maecenas pulvinar lobortis est. Phasellus sit amet erat. Nulla tempus. Vivamus in felis eu sapien cursus vestibulum. Proin eu mi.','c907dc31-0738-4c28-8643-97d507494159','699c04e6-c97f-44f7-b9c6-2c490ecbe9ef','{"img": "http://dummyimage.com/227x100.png/cc0000/ffffff","link": "http://dummyimage.com/206x100.png/ff4444/ffffff"}','2021-03-30 11:00:25','2021-07-26 05:50:33'),
    ('2cd78322-e743-436f-8a6b-f203d999295c','Nulla justo.','a8878807-0098-421b-8a70-3a7bd84ffcd8','dc417a73-5d80-48bf-9bab-c1f192cfdfad','{"img": "http://dummyimage.com/227x100.png/cc0000/ffffff","link": "http://dummyimage.com/206x100.png/ff4444/ffffff"}','2022-03-12 11:10:40','2022-02-16 21:59:11'),
    ('d2da7638-d581-40b2-8cd4-4bdac71940a3','Etiam pretium iaculis justo. In hac habitasse platea dictumst. Etiam faucibus cursus urna. Ut tellus.','f5d11cf9-b481-409b-8ef6-45c544a7f0ee','3dca0a5a-6b43-41cd-86f7-9a6de83e4f05','{"img": "http://dummyimage.com/227x100.png/cc0000/ffffff","link": "http://dummyimage.com/206x100.png/ff4444/ffffff"}','2021-05-01 19:30:47','2021-11-26 19:01:16'),
    ('88e6b5a6-67b0-487b-96dc-104befa88475','Praesent blandit. Nam nulla.','6da1f198-fda9-474a-b1e1-42a0fccad78d','2f029551-33a0-4e85-9b3c-d5db66257f6e','{"img": "http://dummyimage.com/227x100.png/cc0000/ffffff","link": "http://dummyimage.com/206x100.png/ff4444/ffffff"}','2021-09-25 07:51:55','2022-02-16 04:29:40'),
    ('581254b2-1a8a-433a-aab3-735b7a0283a8','Nulla nisl.','54360b7b-1bc7-4a71-b94a-8a331974433d','da1a4777-85e5-47fc-ae75-853a7297c7e0','{"img": "http://dummyimage.com/227x100.png/cc0000/ffffff","link": "http://dummyimage.com/206x100.png/ff4444/ffffff"}','2021-10-25 19:41:37','2021-12-17 07:43:02'),
    ('d5f78580-6c8f-413f-83a0-4034aa43c93f','Donec ut dolor. Morbi vel lectus in quam fringilla rhoncus.','369415ad-a17e-4427-8997-189d80a7123a','a09ffd99-1fe7-4cf0-80a5-369990bee0d0','{"img": "http://dummyimage.com/227x100.png/cc0000/ffffff","link": "http://dummyimage.com/206x100.png/ff4444/ffffff"}','2022-02-21 13:44:36','2021-10-19 18:42:10'),
    ('06efa393-d38b-4920-9e5a-f9e9f0e20329','Curabitur convallis.','9340c52c-2e7e-4237-b77b-747fbc26480f','21867d92-39e2-4cc5-9e9b-193630f28f19','{"img": "http://dummyimage.com/227x100.png/cc0000/ffffff","link": "http://dummyimage.com/206x100.png/ff4444/ffffff"}','2021-12-07 14:25:39','2022-01-14 23:26:19'),
    ('1cb9d910-61d5-4844-b8a9-c1e3d19e7e57','Curabitur in libero ut massa volutpat convallis. Morbi odio odio, elementum eu, interdum eu, tincidunt in, leo.','8816919c-f299-4d0c-9522-1419626ccaf7','d0a6805b-dd4c-47c6-8441-91ee973f0ef3','{"img": "http://dummyimage.com/227x100.png/cc0000/ffffff","link": "http://dummyimage.com/206x100.png/ff4444/ffffff"}','2021-07-20 04:32:14','2022-01-15 15:57:18'),
    ('e978e5dc-74d8-4712-a71e-469beb2cda0d','Morbi non quam nec dui luctus rutrum. Nulla tellus. In sagittis dui vel nisl. Duis ac nibh. Fusce lacus purus, aliquet at, feugiat non, pretium quis, lectus.','ae3c40a9-7384-410c-a320-e750a24e500f','3b6f358d-19db-4feb-adc9-c79cb7a4aeb8','{"img": "http://dummyimage.com/227x100.png/cc0000/ffffff","link": "http://dummyimage.com/206x100.png/ff4444/ffffff"}','2021-06-29 03:57:59','2021-12-17 00:50:21'),
    ('e798e722-ec35-4fa9-88ba-ac803f60c865','Phasellus in felis. Donec semper sapien a libero. Nam dui. Proin leo odio, porttitor id, consequat in, consequat ut, nulla. Sed accumsan felis.','41354bf9-84d2-4dd4-9e6b-ffc1c8dc0f22','48a5b31e-f9d3-44ac-afc0-19bbce865812','{"img": "http://dummyimage.com/227x100.png/cc0000/ffffff","link": "http://dummyimage.com/206x100.png/ff4444/ffffff"}','2021-07-03 04:20:57','2021-09-09 20:03:14'),
    ('f7a224a2-de01-436c-8c47-3b36133a3de4','Duis mattis egestas metus. Aenean fermentum. Donec ut mauris eget massa tempor convallis. Nulla neque libero, convallis eget, eleifend luctus, ultricies eu, nibh. Quisque id justo sit amet sapien dignissim vestibulum.','ecc5bf2a-425f-497b-a557-9eddbe28a37c','5990b1cf-286a-4b39-848d-d409a3c54f23','{"img": "http://dummyimage.com/227x100.png/cc0000/ffffff","link": "http://dummyimage.com/206x100.png/ff4444/ffffff"}','2021-07-07 14:21:38','2021-07-28 14:45:31'),
    ('e4474626-a254-42cd-90e1-6307ce29bf30','Mauris enim leo, rhoncus sed, vestibulum sit amet, cursus id, turpis. Integer aliquet, massa id lobortis convallis, tortor risus dapibus augue, vel accumsan tellus nisi eu orci. Mauris lacinia sapien quis libero. Nullam sit amet turpis elementum ligula vehicula consequat. Morbi a ipsum.','6f396bcb-48ca-410d-8699-7f5016ca67f8','6a1bc5ee-8a64-423a-b1a8-a3f56700377b','{"img": "http://dummyimage.com/227x100.png/cc0000/ffffff","link": "http://dummyimage.com/206x100.png/ff4444/ffffff"}','2022-01-28 15:22:07','2022-01-31 13:42:41'),
    ('4a4b1f5b-4494-4b08-af50-4dbe6099d826','Mauris sit amet eros. Suspendisse accumsan tortor quis turpis. Sed ante.','0c45989c-4369-4664-ab9e-ddfbf8caae26','7c576af2-9eb8-4dd8-91df-93f032bf902d','{"img": "http://dummyimage.com/227x100.png/cc0000/ffffff","link": "http://dummyimage.com/206x100.png/ff4444/ffffff"}','2022-02-28 09:59:38','2021-05-09 05:50:57'),
    ('9caed4a3-03ed-4268-8cd6-409872166f70','Vivamus vel nulla eget eros elementum pellentesque. Quisque porta volutpat erat. Quisque erat eros, viverra eget, congue eget, semper rutrum, nulla.','d0a4a34a-4a21-4d0e-b301-bf85943dc9a5','46f4ab56-7012-4e31-b431-547e15e1fab3','{"img": "http://dummyimage.com/227x100.png/cc0000/ffffff","link": "http://dummyimage.com/206x100.png/ff4444/ffffff"}','2021-08-04 21:43:08','2021-06-02 16:28:38'),
    ('d1f86b3f-4913-49c9-8947-10d63b84612c','Quisque erat eros, viverra eget, congue eget, semper rutrum, nulla. Nunc purus. Phasellus in felis. Donec semper sapien a libero.','41be1347-7e98-43f3-ad54-491d6162ff2d','85daf7fc-9358-4c3b-bca3-81791c771867','{"img": "http://dummyimage.com/227x100.png/cc0000/ffffff","link": "http://dummyimage.com/206x100.png/ff4444/ffffff"}','2021-11-30 20:22:03','2022-01-21 10:51:19'),
    ('5c4591fe-ba52-4ed2-9300-e190058baa7f','Nulla ac enim. In tempor, turpis nec euismod scelerisque, quam turpis adipiscing lorem, vitae mattis nibh ligula nec sem. Duis aliquam convallis nunc. Proin at turpis a pede posuere nonummy. Integer non velit.','49118a58-06a1-4405-b288-9d8382fe68eb','3fa3a722-7a10-429d-86a9-8af7a25d104d','{"img": "http://dummyimage.com/227x100.png/cc0000/ffffff","link": "http://dummyimage.com/206x100.png/ff4444/ffffff"}','2022-02-21 12:32:26','2021-05-09 00:05:31'),
    ('9ffc7e59-bb8b-4b5f-99c0-4b2bfc96b107','Duis aliquam convallis nunc. Proin at turpis a pede posuere nonummy. Integer non velit.','747fbc92-21ab-4df1-aa9f-745b76a09c60','5990b1cf-286a-4b39-848d-d409a3c54f23','{"img": "http://dummyimage.com/227x100.png/cc0000/ffffff","link": "http://dummyimage.com/206x100.png/ff4444/ffffff"}','2021-04-22 01:19:02','2021-08-25 21:02:34'),
    ('5f06764e-94db-480d-b581-95133562e2a9','Curabitur gravida nisi at nibh. In hac habitasse platea dictumst. Aliquam augue quam, sollicitudin vitae, consectetuer eget, rutrum at, lorem. Integer tincidunt ante vel ipsum. Praesent blandit lacinia erat.','690248a0-aed1-425d-8998-25f45054b799','85daf7fc-9358-4c3b-bca3-81791c771867','{"img": "http://dummyimage.com/227x100.png/cc0000/ffffff","link": "http://dummyimage.com/206x100.png/ff4444/ffffff"}','2021-05-27 20:53:40','2021-04-15 17:25:35'),
    ('46445fa4-5e7b-40e3-8494-22ad11be2a5e','Donec vitae nisi. Nam ultrices, libero non mattis pulvinar, nulla pede ullamcorper augue, a suscipit nulla elit ac nulla. Sed vel enim sit amet nunc viverra dapibus. Nulla suscipit ligula in lacus. Curabitur at ipsum ac tellus semper interdum.','4bbbb27e-08d4-4ef5-951a-14c1a6e4260c','d9b4bd53-ff65-4222-97c2-606ed80e000c','{"img": "http://dummyimage.com/227x100.png/cc0000/ffffff","link": "http://dummyimage.com/206x100.png/ff4444/ffffff"}','2021-09-05 22:44:11','2021-08-25 15:08:42'),
    ('f3d3a2c9-51e1-4167-bd5a-725ff6e57e3b','Morbi quis tortor id nulla ultrices aliquet. Maecenas leo odio, condimentum id, luctus nec, molestie sed, justo. Pellentesque viverra pede ac diam. Cras pellentesque volutpat dui. Maecenas tristique, est et tempus semper, est quam pharetra magna, ac consequat metus sapien ut nunc.','d1444439-0b82-422d-bb21-e7870797632f','7c576af2-9eb8-4dd8-91df-93f032bf902d','{"img": "http://dummyimage.com/227x100.png/cc0000/ffffff","link": "http://dummyimage.com/206x100.png/ff4444/ffffff"}','2021-09-14 01:31:12','2022-03-07 23:03:40'),
    ('c1ad239b-cada-4982-9ec4-d86e60fc999a','Aenean sit amet justo. Morbi ut odio. Cras mi pede, malesuada in, imperdiet et, commodo vulputate, justo. In blandit ultrices enim. Lorem ipsum dolor sit amet, consectetuer adipiscing elit.','c7fcc53a-0b5e-4c6e-a2f9-6cfbdf2ea1a7','26414b6b-72c2-4e99-b5b8-e98991904151','{"img": "http://dummyimage.com/227x100.png/cc0000/ffffff","link": "http://dummyimage.com/206x100.png/ff4444/ffffff"}','2021-12-15 20:10:15','2021-07-15 13:35:26'),
    ('fe2a2036-6162-4291-a6a8-7e277d36cff2','Etiam faucibus cursus urna. Ut tellus. Nulla ut erat id mauris vulputate elementum. Nullam varius.','d6466b58-9e86-4e43-aec0-a005b758e2ad','da4d529d-aecd-46c7-85ef-79ffff5b526e','{"img": "http://dummyimage.com/227x100.png/cc0000/ffffff","link": "http://dummyimage.com/206x100.png/ff4444/ffffff"}','2021-06-23 13:45:11','2021-12-15 14:42:40'),
    ('10f8739c-3d92-4e97-b282-8b62bebca3a5','In hac habitasse platea dictumst. Maecenas ut massa quis augue luctus tincidunt. Nulla mollis molestie lorem. Quisque ut erat.','b61290ac-1fe6-49ea-82ce-a3f53903a96e','bbbd366e-94b1-4197-beed-cb1fa94f39f5','{"img": "http://dummyimage.com/227x100.png/cc0000/ffffff","link": "http://dummyimage.com/206x100.png/ff4444/ffffff"}','2021-08-18 23:04:06','2021-05-07 10:48:07'),
    ('9f3157a6-7dd6-46c2-bb31-dcd69538b462','Aliquam erat volutpat.','959a6c44-b84a-4ecc-8548-7fb23cb2a680','e3c2d8b0-5d38-46ff-bc26-45a6e936305f','{"img": "http://dummyimage.com/227x100.png/cc0000/ffffff","link": "http://dummyimage.com/206x100.png/ff4444/ffffff"}','2021-12-06 17:26:01','2021-05-15 14:21:05'),
    ('2b5d4073-d95a-4bb1-ae77-41d27f05a2e6','Lorem ipsum dolor sit amet, consectetuer adipiscing elit. Proin risus. Praesent lectus. Vestibulum quam sapien, varius ut, blandit non, interdum in, ante. Vestibulum ante ipsum primis in faucibus orci luctus et ultrices posuere cubilia Curae; Duis faucibus accumsan odio.','84b31365-e128-41c3-b11a-dc7e95522a3a','fb92f199-17a9-402e-91be-df1c5e1c46d6','{"img": "http://dummyimage.com/227x100.png/cc0000/ffffff","link": "http://dummyimage.com/206x100.png/ff4444/ffffff"}','2021-10-06 16:57:21','2021-11-27 19:05:56'),
    ('b8f5a386-6e06-409a-9655-17eda188be50','In congue. Etiam justo. Etiam pretium iaculis justo. In hac habitasse platea dictumst.','32c75bea-7658-4e7b-b2aa-801fcfaec39d','3b6f358d-19db-4feb-adc9-c79cb7a4aeb8','{"img": "http://dummyimage.com/227x100.png/cc0000/ffffff","link": "http://dummyimage.com/206x100.png/ff4444/ffffff"}','2021-11-01 23:05:15','2021-07-18 02:04:04'),
    ('f235ea4a-0e58-4ebc-8b03-c5c8177b5e85','Proin interdum mauris non ligula pellentesque ultrices. Phasellus id sapien in sapien iaculis congue.','959a6c44-b84a-4ecc-8548-7fb23cb2a680','7c576af2-9eb8-4dd8-91df-93f032bf902d','{"img": "http://dummyimage.com/227x100.png/cc0000/ffffff","link": "http://dummyimage.com/206x100.png/ff4444/ffffff"}','2021-05-29 20:37:41','2022-02-22 05:33:19'),
    ('0158a313-4627-4019-8d7c-f15bfc108806','Vivamus tortor. Duis mattis egestas metus. Aenean fermentum. Donec ut mauris eget massa tempor convallis. Nulla neque libero, convallis eget, eleifend luctus, ultricies eu, nibh.','0b7e061e-3e4a-4504-9629-fb0d14468a44','7c576af2-9eb8-4dd8-91df-93f032bf902d','{"img": "http://dummyimage.com/227x100.png/cc0000/ffffff","link": "http://dummyimage.com/206x100.png/ff4444/ffffff"}','2021-04-29 10:24:01','2021-04-10 19:22:42'),
    ('9d890f82-c408-4371-8391-400d90057766','Pellentesque viverra pede ac diam. Cras pellentesque volutpat dui.','7cc958db-f4be-4a4a-9f5d-dbf936124b6d','71df5ada-385b-4dfa-ac86-439e61a85718','{"img": "http://dummyimage.com/227x100.png/cc0000/ffffff","link": "http://dummyimage.com/206x100.png/ff4444/ffffff"}','2021-05-28 19:14:43','2022-01-06 02:34:15'),
    ('a8039f8a-f93a-4c0e-a5cb-4409cc4f6778','Pellentesque ultrices mattis odio. Donec vitae nisi. Nam ultrices, libero non mattis pulvinar, nulla pede ullamcorper augue, a suscipit nulla elit ac nulla. Sed vel enim sit amet nunc viverra dapibus. Nulla suscipit ligula in lacus.','d0a4a34a-4a21-4d0e-b301-bf85943dc9a5','2f029551-33a0-4e85-9b3c-d5db66257f6e','{"img": "http://dummyimage.com/227x100.png/cc0000/ffffff","link": "http://dummyimage.com/206x100.png/ff4444/ffffff"}','2021-09-01 00:48:17','2021-08-04 12:19:10'),
    ('77295322-a15a-49aa-84bb-ed2cfab56a46','Donec ut dolor. Morbi vel lectus in quam fringilla rhoncus. Mauris enim leo, rhoncus sed, vestibulum sit amet, cursus id, turpis.','520d0dc7-1c64-452e-9605-2980a1bafa52','da1a4777-85e5-47fc-ae75-853a7297c7e0','{"img": "http://dummyimage.com/227x100.png/cc0000/ffffff","link": "http://dummyimage.com/206x100.png/ff4444/ffffff"}','2022-01-10 09:06:10','2022-03-19 10:37:58'),
    ('06ed1266-0646-41ff-91fc-250acc62cf2e','Suspendisse potenti.','f6144ed5-1566-45f5-bd74-b466c426d645','3b6f358d-19db-4feb-adc9-c79cb7a4aeb8','{"img": "http://dummyimage.com/227x100.png/cc0000/ffffff","link": "http://dummyimage.com/206x100.png/ff4444/ffffff"}','2021-12-05 18:45:46','2021-08-20 00:48:25'),
    ('0b038d93-976b-42cf-be37-7ac206bde4fe','Suspendisse potenti. Cras in purus eu magna vulputate luctus. Cum sociis natoque penatibus et magnis dis parturient montes, nascetur ridiculus mus. Vivamus vestibulum sagittis sapien. Cum sociis natoque penatibus et magnis dis parturient montes, nascetur ridiculus mus.','7437441f-0199-43c4-9c47-3651c1db4808','11b1b05f-1792-4c3e-a0df-2f92cdeca489','{"img": "http://dummyimage.com/227x100.png/cc0000/ffffff","link": "http://dummyimage.com/206x100.png/ff4444/ffffff"}','2021-08-23 23:04:43','2021-09-13 23:57:00'),
    ('402c55f8-3041-4254-9455-6564b19a74e4','Donec ut mauris eget massa tempor convallis. Nulla neque libero, convallis eget, eleifend luctus, ultricies eu, nibh. Quisque id justo sit amet sapien dignissim vestibulum. Vestibulum ante ipsum primis in faucibus orci luctus et ultrices posuere cubilia Curae; Nulla dapibus dolor vel est. Donec odio justo, sollicitudin ut, suscipit a, feugiat et, eros.','32c75bea-7658-4e7b-b2aa-801fcfaec39d','e3c2d8b0-5d38-46ff-bc26-45a6e936305f','{"img": "http://dummyimage.com/227x100.png/cc0000/ffffff","link": "http://dummyimage.com/206x100.png/ff4444/ffffff"}','2021-06-09 00:13:59','2021-10-01 23:52:24'),
    ('5bdd7a5f-a0dd-4d7b-b3e1-94541285845f','Maecenas leo odio, condimentum id, luctus nec, molestie sed, justo. Pellentesque viverra pede ac diam. Cras pellentesque volutpat dui.','708024d1-74a8-4016-b4bd-83fbbc4a17d0','699c04e6-c97f-44f7-b9c6-2c490ecbe9ef','{"img": "http://dummyimage.com/227x100.png/cc0000/ffffff","link": "http://dummyimage.com/206x100.png/ff4444/ffffff"}','2022-03-20 05:10:43','2022-02-22 10:46:27'),
    ('0794530a-eabf-41ad-a951-8d208462ff7b','In hac habitasse platea dictumst.','b5bd17f1-da77-4a8f-ad18-3af43b53c9cf','524ccc04-9114-46a2-9ad9-3066e3a795f9','{"img": "http://dummyimage.com/227x100.png/cc0000/ffffff","link": "http://dummyimage.com/206x100.png/ff4444/ffffff"}','2021-11-23 21:02:30','2021-09-17 04:28:07'),
    ('67933f98-1f82-451c-b54a-f3a83fb78922','Duis consequat dui nec nisi volutpat eleifend. Donec ut dolor. Morbi vel lectus in quam fringilla rhoncus.','67a41793-8ebc-46b6-aef5-708d9c739e2e','699c04e6-c97f-44f7-b9c6-2c490ecbe9ef','{"img": "http://dummyimage.com/227x100.png/cc0000/ffffff","link": "http://dummyimage.com/206x100.png/ff4444/ffffff"}','2022-01-03 02:28:38','2021-11-20 12:36:45'),
    ('7d8af8d9-e38f-4a9f-9d6e-3bfe56dc5ffe','Duis ac nibh. Fusce lacus purus, aliquet at, feugiat non, pretium quis, lectus. Suspendisse potenti.','e9b8a387-d12b-4025-b9bf-c097d51a7d30','483b056e-297a-4cf6-9b61-94fbdb2b8a37','{"img": "http://dummyimage.com/227x100.png/cc0000/ffffff","link": "http://dummyimage.com/206x100.png/ff4444/ffffff"}','2021-08-29 11:38:13','2021-10-03 16:50:10'),
    ('27fe676f-e466-46a7-bea0-01a498b90dea','Donec posuere metus vitae ipsum. Aliquam non mauris.','47a5bdc0-2366-46e8-bd3d-875f62f66219','5e046075-f17c-42e0-b166-90aef27d87d4','{"img": "http://dummyimage.com/227x100.png/cc0000/ffffff","link": "http://dummyimage.com/206x100.png/ff4444/ffffff"}','2022-01-20 18:28:09','2021-07-10 03:32:15'),
    ('3c2089a7-426d-4aa8-9c7e-1197d6d52339','Proin risus. Praesent lectus. Vestibulum quam sapien, varius ut, blandit non, interdum in, ante. Vestibulum ante ipsum primis in faucibus orci luctus et ultrices posuere cubilia Curae; Duis faucibus accumsan odio.','6943211a-624b-4a38-976a-0cbccad7d834','faf7f8fa-d42c-4515-a4b5-c1cab64fcd2b','{"img": "http://dummyimage.com/227x100.png/cc0000/ffffff","link": "http://dummyimage.com/206x100.png/ff4444/ffffff"}','2021-06-06 12:10:01','2021-10-12 01:39:27'),
    ('9984b665-9687-41b8-9272-df72d50878f5','Aliquam sit amet diam in magna bibendum imperdiet. Nullam orci pede, venenatis non, sodales sed, tincidunt eu, felis.','af491b08-642f-472d-8a04-a2b1847abaf5','c7ee62df-b57b-4069-9282-3fc5aff9944f','{"img": "http://dummyimage.com/227x100.png/cc0000/ffffff","link": "http://dummyimage.com/206x100.png/ff4444/ffffff"}','2022-01-12 09:55:50','2021-05-28 00:28:50'),
    ('2716c051-dcce-41ce-9e6f-98dd986fb9cd','In hac habitasse platea dictumst. Maecenas ut massa quis augue luctus tincidunt. Nulla mollis molestie lorem. Quisque ut erat.','8a04bacd-7150-4530-9dbb-026768b9ba45','bbbd366e-94b1-4197-beed-cb1fa94f39f5','{"img": "http://dummyimage.com/227x100.png/cc0000/ffffff","link": "http://dummyimage.com/206x100.png/ff4444/ffffff"}','2021-09-14 06:03:04','2021-07-24 20:45:41'),
    ('db6c0a28-bdb9-497f-9014-8f13a33389f5','Ut tellus. Nulla ut erat id mauris vulputate elementum.','ff3d0a69-5271-4c7f-a422-960147c33984','dcc070c2-383d-46c1-8562-313bc3962550','{"img": "http://dummyimage.com/227x100.png/cc0000/ffffff","link": "http://dummyimage.com/206x100.png/ff4444/ffffff"}','2021-09-23 03:21:59','2021-09-05 23:42:44'),
    ('8c9b834a-f07e-45e4-97f3-99b39426a81e','Suspendisse potenti. Cras in purus eu magna vulputate luctus.','430c398d-7cc9-46be-bed3-92792d4a40fd','c7ee62df-b57b-4069-9282-3fc5aff9944f','{"img": "http://dummyimage.com/227x100.png/cc0000/ffffff","link": "http://dummyimage.com/206x100.png/ff4444/ffffff"}','2021-05-01 23:28:35','2022-01-09 00:35:23'),
    ('a11fb60b-4079-4b08-ac31-44aace1cce81','Aenean auctor gravida sem. Praesent id massa id nisl venenatis lacinia.','3bfbaf30-a698-43d7-983d-c8d69d9e5f1f','dcc070c2-383d-46c1-8562-313bc3962550','{"img": "http://dummyimage.com/227x100.png/cc0000/ffffff","link": "http://dummyimage.com/206x100.png/ff4444/ffffff"}','2021-04-14 19:27:33','2021-04-12 20:58:41'),
    ('cee4b2e3-0e40-4f0e-b89e-1485e51c9c58','Cum sociis natoque penatibus et magnis dis parturient montes, nascetur ridiculus mus. Etiam vel augue.','bef3af7e-6529-407a-8508-0b98eb2fc096','5e046075-f17c-42e0-b166-90aef27d87d4','{"img": "http://dummyimage.com/227x100.png/cc0000/ffffff","link": "http://dummyimage.com/206x100.png/ff4444/ffffff"}','2021-06-08 16:15:40','2021-11-22 16:31:57'),
    ('bc4dbda0-8f22-492a-822c-7adf942dbffa','Nulla tellus. In sagittis dui vel nisl. Duis ac nibh. Fusce lacus purus, aliquet at, feugiat non, pretium quis, lectus. Suspendisse potenti.','815fd1ed-75a8-46e6-917d-24f317e298d7','c7ee62df-b57b-4069-9282-3fc5aff9944f','{"img": "http://dummyimage.com/227x100.png/cc0000/ffffff","link": "http://dummyimage.com/206x100.png/ff4444/ffffff"}','2021-04-29 04:15:28','2021-10-18 23:23:34'),
    ('2e4a89db-1b26-47cc-8765-15282aadd0ec','Aliquam sit amet diam in magna bibendum imperdiet.','8816919c-f299-4d0c-9522-1419626ccaf7','30be9b14-dad3-442d-991c-53c05ee82e1e','{"img": "http://dummyimage.com/227x100.png/cc0000/ffffff","link": "http://dummyimage.com/206x100.png/ff4444/ffffff"}','2021-05-21 16:25:08','2021-11-28 19:45:11'),
    ('6fd6e892-bb3d-482c-9144-ae64c94cf75b','Vivamus vel nulla eget eros elementum pellentesque.','5b74b72d-0be4-4cfa-8fbf-a460bcbb1d55','f3701fbd-fa88-465c-a460-7b70d211ef86','{"img": "http://dummyimage.com/227x100.png/cc0000/ffffff","link": "http://dummyimage.com/206x100.png/ff4444/ffffff"}','2021-12-08 21:12:05','2022-01-06 21:02:36'),
    ('add709ad-5726-45f8-a2d8-b28bada1710f','In quis justo. Maecenas rhoncus aliquam lacus. Morbi quis tortor id nulla ultrices aliquet. Maecenas leo odio, condimentum id, luctus nec, molestie sed, justo. Pellentesque viverra pede ac diam.','42409ff0-923b-488e-bb4a-91343fc726b6','af7e8965-2e26-4b53-8e62-4dbc01de5528','{"img": "http://dummyimage.com/227x100.png/cc0000/ffffff","link": "http://dummyimage.com/206x100.png/ff4444/ffffff"}','2021-04-25 20:08:17','2021-08-21 05:21:11'),
    ('ba20ec9b-e8ad-42c8-becb-2e784afdc705','Cras pellentesque volutpat dui. Maecenas tristique, est et tempus semper, est quam pharetra magna, ac consequat metus sapien ut nunc. Vestibulum ante ipsum primis in faucibus orci luctus et ultrices posuere cubilia Curae; Mauris viverra diam vitae quam.','72462a0f-e313-4ad4-9e5e-fc41ef521214','da4d529d-aecd-46c7-85ef-79ffff5b526e','{"img": "http://dummyimage.com/227x100.png/cc0000/ffffff","link": "http://dummyimage.com/206x100.png/ff4444/ffffff"}','2021-11-24 02:07:16','2021-08-01 18:55:37'),
    ('1ff9974d-bb8f-4ec5-b392-a8ebbb6f6faa','Ut at dolor quis odio consequat varius. Integer ac leo.','c7492319-a77f-4f63-8671-1975cb88e52d','da4d529d-aecd-46c7-85ef-79ffff5b526e','{"img": "http://dummyimage.com/227x100.png/cc0000/ffffff","link": "http://dummyimage.com/206x100.png/ff4444/ffffff"}','2021-09-15 09:33:15','2021-12-30 22:43:20'),
    ('4c394f84-d037-4477-bb62-c34df78cc251','Nullam molestie nibh in lectus. Pellentesque at nulla. Suspendisse potenti. Cras in purus eu magna vulputate luctus.','f752fdfc-cc0d-4916-8d09-65a884a27247','41512f5c-658d-4319-9003-36362f0f5f7c','{"img": "http://dummyimage.com/227x100.png/cc0000/ffffff","link": "http://dummyimage.com/206x100.png/ff4444/ffffff"}','2021-11-01 00:10:48','2021-09-02 22:57:01'),
    ('15315d94-8da1-4835-bb4d-4094f1e342ab','Quisque porta volutpat erat. Quisque erat eros, viverra eget, congue eget, semper rutrum, nulla. Nunc purus.','4db32724-9821-46fa-a8c4-122f269b2df5','41512f5c-658d-4319-9003-36362f0f5f7c','{"img": "http://dummyimage.com/227x100.png/cc0000/ffffff","link": "http://dummyimage.com/206x100.png/ff4444/ffffff"}','2021-07-28 08:05:28','2021-07-13 22:10:45'),
    ('f2ce2358-a72d-4748-8a8b-a011daf690e4','Donec posuere metus vitae ipsum. Aliquam non mauris. Morbi non lectus.','10df4eee-8fdf-4b10-9ce4-2a19013c8431','d0a6805b-dd4c-47c6-8441-91ee973f0ef3','{"img": "http://dummyimage.com/227x100.png/cc0000/ffffff","link": "http://dummyimage.com/206x100.png/ff4444/ffffff"}','2022-03-08 13:43:58','2022-01-08 01:15:56'),
    ('5e2d0233-42f0-4564-b9c4-89807e2f2626','Lorem ipsum dolor sit amet, consectetuer adipiscing elit. Proin risus. Praesent lectus.','bef3af7e-6529-407a-8508-0b98eb2fc096','d6249e95-3cfd-4171-bd39-3d31b126f156','{"img": "http://dummyimage.com/227x100.png/cc0000/ffffff","link": "http://dummyimage.com/206x100.png/ff4444/ffffff"}','2021-12-14 18:29:26','2021-05-08 21:24:38'),
    ('69b20d85-e7df-4dda-9c01-ca08b00ccf3e','Praesent blandit. Nam nulla. Integer pede justo, lacinia eget, tincidunt eget, tempus vel, pede. Morbi porttitor lorem id ligula.','520d0dc7-1c64-452e-9605-2980a1bafa52','41512f5c-658d-4319-9003-36362f0f5f7c','{"img": "http://dummyimage.com/227x100.png/cc0000/ffffff","link": "http://dummyimage.com/206x100.png/ff4444/ffffff"}','2021-06-24 03:20:47','2021-06-18 12:42:05'),
    ('f675effa-fc59-4be4-90a3-9e498297aa1c','Integer non velit.','82b858c4-3b2d-4262-9c1e-8c4e6f260ba7','c7ee62df-b57b-4069-9282-3fc5aff9944f','{"img": "http://dummyimage.com/227x100.png/cc0000/ffffff","link": "http://dummyimage.com/206x100.png/ff4444/ffffff"}','2021-04-07 11:54:41','2021-06-18 18:26:28'),
    ('7a69f29d-ee96-4c28-97eb-12e868fafc04','Vestibulum ac est lacinia nisi venenatis tristique. Fusce congue, diam id ornare imperdiet, sapien urna pretium nisl, ut volutpat sapien arcu sed augue. Aliquam erat volutpat. In congue. Etiam justo.','41be1347-7e98-43f3-ad54-491d6162ff2d','71df5ada-385b-4dfa-ac86-439e61a85718','{"img": "http://dummyimage.com/227x100.png/cc0000/ffffff","link": "http://dummyimage.com/206x100.png/ff4444/ffffff"}','2021-09-20 13:41:17','2021-05-28 10:08:40'),
    ('c488b55e-e009-4c2c-82af-73939e8e05d0','Nulla nisl. Nunc nisl.','94cf98a4-8655-4c5f-a333-2a4768398bb4','699c04e6-c97f-44f7-b9c6-2c490ecbe9ef','{"img": "http://dummyimage.com/227x100.png/cc0000/ffffff","link": "http://dummyimage.com/206x100.png/ff4444/ffffff"}','2021-05-06 19:17:21','2021-05-22 22:35:20'),
    ('1e5acf4a-9402-4923-9604-3cb15aeff4c2','Suspendisse accumsan tortor quis turpis. Sed ante. Vivamus tortor. Duis mattis egestas metus.','d636d3e7-5520-4012-9b13-b811b6af7e69','dc417a73-5d80-48bf-9bab-c1f192cfdfad','{"img": "http://dummyimage.com/227x100.png/cc0000/ffffff","link": "http://dummyimage.com/206x100.png/ff4444/ffffff"}','2021-08-07 18:24:17','2021-04-28 03:49:14'),
    ('ab8780c8-0ac8-44a5-bf21-cfe500939209','Etiam faucibus cursus urna. Ut tellus. Nulla ut erat id mauris vulputate elementum. Nullam varius. Nulla facilisi.','34e001bf-5c88-45f7-bf40-109fd77ea1f2','dcc070c2-383d-46c1-8562-313bc3962550','{"img": "http://dummyimage.com/227x100.png/cc0000/ffffff","link": "http://dummyimage.com/206x100.png/ff4444/ffffff"}','2021-07-01 22:45:19','2021-06-23 11:21:36'),
    ('088d7489-dd1a-457a-925a-38bb70d470a4','Vivamus in felis eu sapien cursus vestibulum. Proin eu mi.','bd5825ee-c530-4173-8174-6b45cfb94c8c','483b056e-297a-4cf6-9b61-94fbdb2b8a37','{"img": "http://dummyimage.com/227x100.png/cc0000/ffffff","link": "http://dummyimage.com/206x100.png/ff4444/ffffff"}','2021-07-05 03:56:43','2021-12-11 12:39:46'),
    ('0fa3be60-4f57-4fa9-b858-982909edcf86','Suspendisse potenti. In eleifend quam a odio. In hac habitasse platea dictumst.','ef56e5f8-fe2e-416e-b274-5213c74f79f7','de6425c5-5a97-42d5-83dd-4df05710a7c4','{"img": "http://dummyimage.com/227x100.png/cc0000/ffffff","link": "http://dummyimage.com/206x100.png/ff4444/ffffff"}','2021-08-04 19:01:22','2021-12-29 04:48:34'),
    ('ee732ffb-a850-464e-a14e-be83cbe2ce42','In blandit ultrices enim. Lorem ipsum dolor sit amet, consectetuer adipiscing elit. Proin interdum mauris non ligula pellentesque ultrices. Phasellus id sapien in sapien iaculis congue. Vivamus metus arcu, adipiscing molestie, hendrerit at, vulputate vitae, nisl.','71945858-29c4-4d6b-a144-51c10d6921c9','de6425c5-5a97-42d5-83dd-4df05710a7c4','{"img": "http://dummyimage.com/227x100.png/cc0000/ffffff","link": "http://dummyimage.com/206x100.png/ff4444/ffffff"}','2021-11-13 06:22:44','2021-11-23 08:12:10'),
    ('4abebd33-0832-417d-a745-fdea58e20b1d','Donec vitae nisi. Nam ultrices, libero non mattis pulvinar, nulla pede ullamcorper augue, a suscipit nulla elit ac nulla. Sed vel enim sit amet nunc viverra dapibus. Nulla suscipit ligula in lacus. Curabitur at ipsum ac tellus semper interdum.','f3a68282-1093-4064-ba09-9e7ffeb11e91','23dff0ed-a3e4-4a55-b26c-64a39523577a','{"img": "http://dummyimage.com/227x100.png/cc0000/ffffff","link": "http://dummyimage.com/206x100.png/ff4444/ffffff"}','2021-07-22 05:23:17','2021-06-30 21:54:30'),
    ('0063277a-20f1-4c9d-98aa-af2d741b0a5b','Vestibulum ante ipsum primis in faucibus orci luctus et ultrices posuere cubilia Curae; Duis faucibus accumsan odio. Curabitur convallis. Duis consequat dui nec nisi volutpat eleifend. Donec ut dolor. Morbi vel lectus in quam fringilla rhoncus.','8ba0535c-4255-49cc-ba75-b1fae06bd6cf','f29e16e8-6d75-4c7e-bc21-23ad490a0ead','{"img": "http://dummyimage.com/227x100.png/cc0000/ffffff","link": "http://dummyimage.com/206x100.png/ff4444/ffffff"}','2021-11-18 01:30:13','2021-12-15 18:23:40'),
    ('cc3ea171-46e3-4729-bea9-af82d1fa1e68','Nulla facilisi. Cras non velit nec nisi vulputate nonummy.','34e001bf-5c88-45f7-bf40-109fd77ea1f2','e3c2d8b0-5d38-46ff-bc26-45a6e936305f','{"img": "http://dummyimage.com/227x100.png/cc0000/ffffff","link": "http://dummyimage.com/206x100.png/ff4444/ffffff"}','2021-07-27 09:44:01','2021-07-23 02:17:08'),
    ('c13b223e-3b1a-4bac-8ace-39cedb063c0a','Aliquam sit amet diam in magna bibendum imperdiet. Nullam orci pede, venenatis non, sodales sed, tincidunt eu, felis.','5ce25c68-b334-42a2-9fa8-71308f20be11','a380ca19-cbeb-463b-9605-bf33acf0cf91','{"img": "http://dummyimage.com/227x100.png/cc0000/ffffff","link": "http://dummyimage.com/206x100.png/ff4444/ffffff"}','2022-01-18 12:25:52','2021-09-18 20:20:00'),
    ('b5443a55-207a-4f18-9569-56fec2650ba2','Aliquam non mauris. Morbi non lectus. Aliquam sit amet diam in magna bibendum imperdiet. Nullam orci pede, venenatis non, sodales sed, tincidunt eu, felis. Fusce posuere felis sed lacus.','6f396bcb-48ca-410d-8699-7f5016ca67f8','3a6f5699-e20f-4c4c-863f-23840db289e6','{"img": "http://dummyimage.com/227x100.png/cc0000/ffffff","link": "http://dummyimage.com/206x100.png/ff4444/ffffff"}','2022-02-18 12:50:01','2021-10-04 01:49:01'),
    ('8bcb6115-7440-4c46-bf3e-665cafb66330','Aliquam non mauris. Morbi non lectus.','eaca1944-2a7e-4dd1-9038-87595b0375fd','a09ffd99-1fe7-4cf0-80a5-369990bee0d0','{"img": "http://dummyimage.com/227x100.png/cc0000/ffffff","link": "http://dummyimage.com/206x100.png/ff4444/ffffff"}','2021-12-04 07:31:13','2021-08-03 15:20:22'),
    ('39832e41-7ea6-4880-a25a-4df39ae62c6e','Donec semper sapien a libero. Nam dui. Proin leo odio, porttitor id, consequat in, consequat ut, nulla. Sed accumsan felis. Ut at dolor quis odio consequat varius.','ad1dae78-11e7-4a4d-a263-c57528d95010','30be9b14-dad3-442d-991c-53c05ee82e1e','{"img": "http://dummyimage.com/227x100.png/cc0000/ffffff","link": "http://dummyimage.com/206x100.png/ff4444/ffffff"}','2021-07-18 02:18:26','2021-07-14 10:37:41'),
    ('b83c38bc-e6fa-43fb-88e6-6e31dc673d01','Duis bibendum, felis sed interdum venenatis, turpis enim blandit mi, in porttitor pede justo eu massa.','c7f61f8e-f087-4238-a1a6-4463dbbdd67d','dc417a73-5d80-48bf-9bab-c1f192cfdfad','{"img": "http://dummyimage.com/227x100.png/cc0000/ffffff","link": "http://dummyimage.com/206x100.png/ff4444/ffffff"}','2021-07-15 12:10:57','2022-03-14 10:38:47'),
    ('afdd9308-f8f2-4fac-b3bb-f0e4e06d7d58','Ut tellus. Nulla ut erat id mauris vulputate elementum.','e85e7da7-afc2-4600-870d-83b2601ac957','dc417a73-5d80-48bf-9bab-c1f192cfdfad','{"img": "http://dummyimage.com/227x100.png/cc0000/ffffff","link": "http://dummyimage.com/206x100.png/ff4444/ffffff"}','2021-07-13 02:49:17','2022-01-31 02:45:38'),
    ('93b98456-bacf-4ea1-b22d-6aafa2a67e3c','Aenean fermentum. Donec ut mauris eget massa tempor convallis. Nulla neque libero, convallis eget, eleifend luctus, ultricies eu, nibh. Quisque id justo sit amet sapien dignissim vestibulum.','9a26626c-392a-4db5-b4a1-1a92f9a0c36c','d9b4bd53-ff65-4222-97c2-606ed80e000c','{"img": "http://dummyimage.com/227x100.png/cc0000/ffffff","link": "http://dummyimage.com/206x100.png/ff4444/ffffff"}','2021-12-11 05:29:07','2022-03-05 18:52:37'),
    ('9ec23cdd-94fa-4fdd-821b-784e9ea164db','Sed vel enim sit amet nunc viverra dapibus. Nulla suscipit ligula in lacus. Curabitur at ipsum ac tellus semper interdum. Mauris ullamcorper purus sit amet nulla. Quisque arcu libero, rutrum ac, lobortis vel, dapibus at, diam.','5b74b72d-0be4-4cfa-8fbf-a460bcbb1d55','557f26c3-afac-44a4-8fd0-4be3e36f3caa','{"img": "http://dummyimage.com/227x100.png/cc0000/ffffff","link": "http://dummyimage.com/206x100.png/ff4444/ffffff"}','2022-03-03 06:52:54','2021-08-23 04:58:24'),
    ('ee4311d1-e1fa-459b-85da-772857619371','Nulla nisl. Nunc nisl. Duis bibendum, felis sed interdum venenatis, turpis enim blandit mi, in porttitor pede justo eu massa. Donec dapibus. Duis at velit eu est congue elementum.','c7fcc53a-0b5e-4c6e-a2f9-6cfbdf2ea1a7','3dca0a5a-6b43-41cd-86f7-9a6de83e4f05','{"img": "http://dummyimage.com/227x100.png/cc0000/ffffff","link": "http://dummyimage.com/206x100.png/ff4444/ffffff"}','2021-05-30 11:42:41','2021-12-26 10:03:20'),
    ('b2479567-0a8e-426d-9c3f-dc5a914c3eb3','Mauris enim leo, rhoncus sed, vestibulum sit amet, cursus id, turpis. Integer aliquet, massa id lobortis convallis, tortor risus dapibus augue, vel accumsan tellus nisi eu orci.','f752fdfc-cc0d-4916-8d09-65a884a27247','d0a6805b-dd4c-47c6-8441-91ee973f0ef3','{"img": "http://dummyimage.com/227x100.png/cc0000/ffffff","link": "http://dummyimage.com/206x100.png/ff4444/ffffff"}','2022-01-29 19:02:03','2021-10-22 09:14:58'),
    ('6f3dbcb6-c546-46a2-8e61-afdf352dc65e','Cras in purus eu magna vulputate luctus.','49118a58-06a1-4405-b288-9d8382fe68eb','d6249e95-3cfd-4171-bd39-3d31b126f156','{"img": "http://dummyimage.com/227x100.png/cc0000/ffffff","link": "http://dummyimage.com/206x100.png/ff4444/ffffff"}','2022-02-01 05:15:44','2021-03-29 06:10:16'),
    ('9a40e9d1-4a10-4b23-a435-9f3efd45b17a','Nam ultrices, libero non mattis pulvinar, nulla pede ullamcorper augue, a suscipit nulla elit ac nulla. Sed vel enim sit amet nunc viverra dapibus.','a1eb4102-13e6-4998-8707-fc3574e99a49','699c04e6-c97f-44f7-b9c6-2c490ecbe9ef','{"img": "http://dummyimage.com/227x100.png/cc0000/ffffff","link": "http://dummyimage.com/206x100.png/ff4444/ffffff"}','2021-09-20 15:20:18','2021-10-18 00:57:01'),
    ('e161ca15-ea1f-4bab-87c5-8d917dce7925','Morbi a ipsum. Integer a nibh. In quis justo.','c8422b39-ed11-458e-b926-dbce9220c1ea','45a8bd45-80f5-41c8-a769-5ccc3ba06175','{"img": "http://dummyimage.com/227x100.png/cc0000/ffffff","link": "http://dummyimage.com/206x100.png/ff4444/ffffff"}','2022-03-17 15:05:58','2021-05-05 19:16:26'),
    ('7cbe0412-e7b3-45be-9437-54b8867b2b6b','In hac habitasse platea dictumst. Maecenas ut massa quis augue luctus tincidunt. Nulla mollis molestie lorem. Quisque ut erat. Curabitur gravida nisi at nibh.','e9d9b61a-3104-48b3-a202-2fcc9c20558f','5990b1cf-286a-4b39-848d-d409a3c54f23','{"img": "http://dummyimage.com/227x100.png/cc0000/ffffff","link": "http://dummyimage.com/206x100.png/ff4444/ffffff"}','2021-09-29 01:55:49','2021-09-10 15:03:43'),
    ('f3c77353-b6f2-4809-8ba0-c44083fb9a00','Maecenas rhoncus aliquam lacus. Morbi quis tortor id nulla ultrices aliquet. Maecenas leo odio, condimentum id, luctus nec, molestie sed, justo.','3d1813ca-c6ca-4847-a32c-71e3ec4a42a4','60d97c37-79a2-470b-a3e3-c9089aa43161','{"img": "http://dummyimage.com/227x100.png/cc0000/ffffff","link": "http://dummyimage.com/206x100.png/ff4444/ffffff"}','2021-04-08 23:24:34','2021-09-01 23:33:23'),
    ('d39f4770-3da2-4b45-a65f-1c74551abbe2','Etiam pretium iaculis justo. In hac habitasse platea dictumst. Etiam faucibus cursus urna.','32cda985-f52b-4594-9f1f-8b678c7f68df','2f029551-33a0-4e85-9b3c-d5db66257f6e','{"img": "http://dummyimage.com/227x100.png/cc0000/ffffff","link": "http://dummyimage.com/206x100.png/ff4444/ffffff"}','2021-08-12 00:10:01','2021-05-26 20:18:22'),
    ('0fcfd881-6898-4f52-9938-f7905d4463a3','Integer ac neque. Duis bibendum. Morbi non quam nec dui luctus rutrum. Nulla tellus.','3bfbaf30-a698-43d7-983d-c8d69d9e5f1f','30be9b14-dad3-442d-991c-53c05ee82e1e','{"img": "http://dummyimage.com/227x100.png/cc0000/ffffff","link": "http://dummyimage.com/206x100.png/ff4444/ffffff"}','2021-08-16 04:14:13','2021-08-13 19:56:46'),
    ('112469e4-6bcb-479a-bb97-b002c4887873','Nullam molestie nibh in lectus.','8a04bacd-7150-4530-9dbb-026768b9ba45','699c04e6-c97f-44f7-b9c6-2c490ecbe9ef','{"img": "http://dummyimage.com/227x100.png/cc0000/ffffff","link": "http://dummyimage.com/206x100.png/ff4444/ffffff"}','2021-12-04 09:46:52','2021-05-04 13:08:08'),
    ('9c751716-6d04-4456-a0c8-ce9325893a75','Duis at velit eu est congue elementum. In hac habitasse platea dictumst.','4519bb6c-c2b1-4fbe-91c8-a549a0b077b3','188471da-b6ae-4d4f-961a-9911889944ac','{"img": "http://dummyimage.com/227x100.png/cc0000/ffffff","link": "http://dummyimage.com/206x100.png/ff4444/ffffff"}','2021-05-25 09:59:35','2021-11-27 04:29:09'),
    ('c8be7269-725a-40b4-a4c7-ca41a58a3d43','Donec odio justo, sollicitudin ut, suscipit a, feugiat et, eros. Vestibulum ac est lacinia nisi venenatis tristique.','f6144ed5-1566-45f5-bd74-b466c426d645','23dff0ed-a3e4-4a55-b26c-64a39523577a','{"img": "http://dummyimage.com/227x100.png/cc0000/ffffff","link": "http://dummyimage.com/206x100.png/ff4444/ffffff"}','2021-09-06 07:37:45','2021-05-08 13:15:03'),
    ('9fe24e4a-bf1b-42be-b408-68b1f360a41a','Fusce posuere felis sed lacus. Morbi sem mauris, laoreet ut, rhoncus aliquet, pulvinar sed, nisl. Nunc rhoncus dui vel sem.','2351fd1f-5382-4461-8c70-2570cb91950d','da1a4777-85e5-47fc-ae75-853a7297c7e0','{"img": "http://dummyimage.com/227x100.png/cc0000/ffffff","link": "http://dummyimage.com/206x100.png/ff4444/ffffff"}','2021-08-27 01:16:26','2021-12-31 05:21:28'),
    ('72276bee-bb25-4103-bf4e-98f03a029cd9','In blandit ultrices enim. Lorem ipsum dolor sit amet, consectetuer adipiscing elit. Proin interdum mauris non ligula pellentesque ultrices.','bd6514b9-9b29-4247-98bb-bfd0ffab6e4f','3b6f358d-19db-4feb-adc9-c79cb7a4aeb8','{"img": "http://dummyimage.com/227x100.png/cc0000/ffffff","link": "http://dummyimage.com/206x100.png/ff4444/ffffff"}','2021-12-06 15:28:46','2021-04-08 01:45:11'),
    ('0ea8dc09-5225-4b57-bcf6-7dde26fb1dde','Pellentesque viverra pede ac diam.','8ec492c1-c0dd-4665-9a9d-da30b3895bed','991ce11a-bff3-4d28-ab40-fe0d3ec1e73b','{"img": "http://dummyimage.com/227x100.png/cc0000/ffffff","link": "http://dummyimage.com/206x100.png/ff4444/ffffff"}','2022-02-04 16:14:44','2021-03-29 07:11:12'),
    ('13ed7b67-458a-40bf-8dc6-df45ba93c8f9','Nullam porttitor lacus at turpis. Donec posuere metus vitae ipsum. Aliquam non mauris. Morbi non lectus. Aliquam sit amet diam in magna bibendum imperdiet.','0e470e40-64c4-4d1f-8847-c3d6bd06ba7b','9a3f6f19-3f79-4079-ae09-807e813857fa','{"img": "http://dummyimage.com/227x100.png/cc0000/ffffff","link": "http://dummyimage.com/206x100.png/ff4444/ffffff"}','2021-04-23 05:08:38','2021-09-17 05:44:57'),
    ('ba0e63ef-a2a5-4e4e-9c90-9ae02e1286e8','Mauris lacinia sapien quis libero. Nullam sit amet turpis elementum ligula vehicula consequat. Morbi a ipsum.','430c398d-7cc9-46be-bed3-92792d4a40fd','9fc0c8f1-c4a0-40cb-9053-fa403b70ad18','{"img": "http://dummyimage.com/227x100.png/cc0000/ffffff","link": "http://dummyimage.com/206x100.png/ff4444/ffffff"}','2022-03-11 15:00:49','2021-08-30 09:05:16'),
    ('d848f139-c56c-41cc-a7f4-a6e6814ac090','Quisque id justo sit amet sapien dignissim vestibulum. Vestibulum ante ipsum primis in faucibus orci luctus et ultrices posuere cubilia Curae; Nulla dapibus dolor vel est. Donec odio justo, sollicitudin ut, suscipit a, feugiat et, eros. Vestibulum ac est lacinia nisi venenatis tristique. Fusce congue, diam id ornare imperdiet, sapien urna pretium nisl, ut volutpat sapien arcu sed augue.','a33885b8-16fe-443e-be10-a92b88a1d74c','524ccc04-9114-46a2-9ad9-3066e3a795f9','{"img": "http://dummyimage.com/227x100.png/cc0000/ffffff","link": "http://dummyimage.com/206x100.png/ff4444/ffffff"}','2021-06-11 22:54:44','2021-09-11 00:29:38'),
    ('4a7facef-75b5-42ef-b7be-0a2ecbb12e4c','Vestibulum ante ipsum primis in faucibus orci luctus et ultrices posuere cubilia Curae; Donec pharetra, magna vestibulum aliquet ultrices, erat tortor sollicitudin mi, sit amet lobortis sapien sapien non mi. Integer ac neque. Duis bibendum. Morbi non quam nec dui luctus rutrum. Nulla tellus.','ad1dae78-11e7-4a4d-a263-c57528d95010','48a5b31e-f9d3-44ac-afc0-19bbce865812','{"img": "http://dummyimage.com/227x100.png/cc0000/ffffff","link": "http://dummyimage.com/206x100.png/ff4444/ffffff"}','2021-11-22 03:01:47','2021-10-02 18:35:59'),
    ('6647b661-0cb5-4e15-aa90-d7c4d62cc665','Morbi ut odio. Cras mi pede, malesuada in, imperdiet et, commodo vulputate, justo. In blandit ultrices enim. Lorem ipsum dolor sit amet, consectetuer adipiscing elit.','ef1ac651-101a-49c8-ba00-33c111fe60ad','da4d529d-aecd-46c7-85ef-79ffff5b526e','{"img": "http://dummyimage.com/227x100.png/cc0000/ffffff","link": "http://dummyimage.com/206x100.png/ff4444/ffffff"}','2021-08-11 09:32:31','2021-12-12 07:03:29'),
    ('aa16b31a-7197-456d-a82e-05c0c428c0f8','Aliquam quis turpis eget elit sodales scelerisque. Mauris sit amet eros. Suspendisse accumsan tortor quis turpis. Sed ante. Vivamus tortor.','6cb01d94-f770-4a7e-bb9a-7028189a47d8','991ce11a-bff3-4d28-ab40-fe0d3ec1e73b','{"img": "http://dummyimage.com/227x100.png/cc0000/ffffff","link": "http://dummyimage.com/206x100.png/ff4444/ffffff"}','2021-07-24 02:44:40','2022-02-16 21:51:18'),
    ('f0ec595c-ab29-4820-8344-22b02ceb1936','Curabitur gravida nisi at nibh. In hac habitasse platea dictumst.','9a4f31bf-7848-4495-b2e5-276d88f93b71','d6249e95-3cfd-4171-bd39-3d31b126f156','{"img": "http://dummyimage.com/227x100.png/cc0000/ffffff","link": "http://dummyimage.com/206x100.png/ff4444/ffffff"}','2021-07-10 11:45:46','2021-09-27 04:37:40'),
    ('64cbd8f2-7c5c-42fe-8217-3be8a6864362','Nam nulla. Integer pede justo, lacinia eget, tincidunt eget, tempus vel, pede. Morbi porttitor lorem id ligula. Suspendisse ornare consequat lectus. In est risus, auctor sed, tristique in, tempus sit amet, sem.','bb4ff76e-819d-49e4-9a4a-78fc454a6a8e','3b6f358d-19db-4feb-adc9-c79cb7a4aeb8','{"img": "http://dummyimage.com/227x100.png/cc0000/ffffff","link": "http://dummyimage.com/206x100.png/ff4444/ffffff"}','2021-05-14 04:50:16','2021-08-03 04:50:44'),
    ('413b134f-e430-4251-979a-4a836502942c','Maecenas ut massa quis augue luctus tincidunt. Nulla mollis molestie lorem.','c7b59ffc-31a1-421e-b21c-3a9c0197db11','9a3f6f19-3f79-4079-ae09-807e813857fa','{"img": "http://dummyimage.com/227x100.png/cc0000/ffffff","link": "http://dummyimage.com/206x100.png/ff4444/ffffff"}','2021-11-10 18:44:40','2021-05-23 18:01:02'),
    ('0f8f0f0d-f070-44c0-b589-889d9052df1a','Nulla nisl. Nunc nisl. Duis bibendum, felis sed interdum venenatis, turpis enim blandit mi, in porttitor pede justo eu massa.','3f6b1b4f-b4fb-496e-8b07-195a2add9ec0','dcc070c2-383d-46c1-8562-313bc3962550','{"img": "http://dummyimage.com/227x100.png/cc0000/ffffff","link": "http://dummyimage.com/206x100.png/ff4444/ffffff"}','2021-07-16 07:37:45','2021-07-17 23:53:47'),
    ('e2a3143d-db96-4101-a4c5-633dfd92a8e8','Proin leo odio, porttitor id, consequat in, consequat ut, nulla. Sed accumsan felis. Ut at dolor quis odio consequat varius.','23d47b01-58ae-4a16-965c-39cf2a0c012b','9a3f6f19-3f79-4079-ae09-807e813857fa','{"img": "http://dummyimage.com/227x100.png/cc0000/ffffff","link": "http://dummyimage.com/206x100.png/ff4444/ffffff"}','2022-02-27 03:45:21','2022-02-20 14:17:28'),
    ('48aa04a3-6481-400e-a544-626ebbaeadce','Curabitur convallis. Duis consequat dui nec nisi volutpat eleifend. Donec ut dolor.','fa051b96-718f-4652-8864-fcf0f9d7e256','26414b6b-72c2-4e99-b5b8-e98991904151','{"img": "http://dummyimage.com/227x100.png/cc0000/ffffff","link": "http://dummyimage.com/206x100.png/ff4444/ffffff"}','2021-04-04 20:50:26','2021-12-17 03:07:08'),
    ('a25a3308-a353-4f51-b66c-c8e60625804a','Aliquam augue quam, sollicitudin vitae, consectetuer eget, rutrum at, lorem.','c7f61f8e-f087-4238-a1a6-4463dbbdd67d','e3c2d8b0-5d38-46ff-bc26-45a6e936305f','{"img": "http://dummyimage.com/227x100.png/cc0000/ffffff","link": "http://dummyimage.com/206x100.png/ff4444/ffffff"}','2021-10-28 10:00:07','2021-11-02 07:18:25'),
    ('3371f1c5-03f8-4717-a30c-8a20321694f3','Maecenas pulvinar lobortis est. Phasellus sit amet erat. Nulla tempus.','f72aa3a7-91a3-46f8-b64b-d795921d98e6','fb92f199-17a9-402e-91be-df1c5e1c46d6','{"img": "http://dummyimage.com/227x100.png/cc0000/ffffff","link": "http://dummyimage.com/206x100.png/ff4444/ffffff"}','2021-11-05 00:48:25','2021-06-03 02:31:11'),
    ('7578473b-80f1-4d9c-a074-633f6f04f765','Donec dapibus. Duis at velit eu est congue elementum.','8a04bacd-7150-4530-9dbb-026768b9ba45','bbbd366e-94b1-4197-beed-cb1fa94f39f5','{"img": "http://dummyimage.com/227x100.png/cc0000/ffffff","link": "http://dummyimage.com/206x100.png/ff4444/ffffff"}','2021-05-05 01:25:47','2021-09-17 06:51:43'),
    ('cceb6d77-274e-4b16-a99c-3d8fbf4a1ce2','Sed vel enim sit amet nunc viverra dapibus. Nulla suscipit ligula in lacus. Curabitur at ipsum ac tellus semper interdum. Mauris ullamcorper purus sit amet nulla. Quisque arcu libero, rutrum ac, lobortis vel, dapibus at, diam.','b6de1607-d40f-4696-a419-5f4eea2f34b0','3dca0a5a-6b43-41cd-86f7-9a6de83e4f05','{"img": "http://dummyimage.com/227x100.png/cc0000/ffffff","link": "http://dummyimage.com/206x100.png/ff4444/ffffff"}','2021-04-21 23:06:48','2021-04-16 16:19:25'),
    ('5ed70c0a-73a9-443a-8280-45326b27d5ff','Nullam sit amet turpis elementum ligula vehicula consequat.','9e0a450e-354d-44f6-802f-67cb7a1b133c','5e046075-f17c-42e0-b166-90aef27d87d4','{"img": "http://dummyimage.com/227x100.png/cc0000/ffffff","link": "http://dummyimage.com/206x100.png/ff4444/ffffff"}','2021-07-19 21:27:49','2022-01-30 21:30:39'),
    ('17c4a246-5ca8-4932-82bf-bc28732032b3','Proin at turpis a pede posuere nonummy. Integer non velit. Donec diam neque, vestibulum eget, vulputate ut, ultrices vel, augue.','7b87c4c1-b7a3-4ef0-9ce5-807dbfb539ac','928366d7-ce9b-4ce1-891f-5b218fbc0d48','{"img": "http://dummyimage.com/227x100.png/cc0000/ffffff","link": "http://dummyimage.com/206x100.png/ff4444/ffffff"}','2021-05-02 18:07:56','2022-02-12 11:03:50'),
    ('9635673a-52ea-4d77-8866-7a422a005d42','In est risus, auctor sed, tristique in, tempus sit amet, sem. Fusce consequat. Nulla nisl.','d80943e9-4f56-4a82-88de-64f755623edf','fb92f199-17a9-402e-91be-df1c5e1c46d6','{"img": "http://dummyimage.com/227x100.png/cc0000/ffffff","link": "http://dummyimage.com/206x100.png/ff4444/ffffff"}','2022-01-26 19:52:26','2021-06-13 01:10:32'),
    ('c945b775-8058-4435-b1b4-064d7d10afed','Etiam faucibus cursus urna. Ut tellus. Nulla ut erat id mauris vulputate elementum. Nullam varius. Nulla facilisi.','f4a29c97-ee82-48a1-b1a4-f9f0a2f1919b','699c04e6-c97f-44f7-b9c6-2c490ecbe9ef','{"img": "http://dummyimage.com/227x100.png/cc0000/ffffff","link": "http://dummyimage.com/206x100.png/ff4444/ffffff"}','2021-04-10 03:54:04','2021-06-16 08:31:05'),
    ('d178c854-65ca-4436-abc0-c64add61a333','Vestibulum ante ipsum primis in faucibus orci luctus et ultrices posuere cubilia Curae; Donec pharetra, magna vestibulum aliquet ultrices, erat tortor sollicitudin mi, sit amet lobortis sapien sapien non mi. Integer ac neque.','77d929a8-3df9-4bb5-8778-67f536ea506e','dcc070c2-383d-46c1-8562-313bc3962550','{"img": "http://dummyimage.com/227x100.png/cc0000/ffffff","link": "http://dummyimage.com/206x100.png/ff4444/ffffff"}','2022-01-17 12:19:31','2021-11-03 19:17:43'),
    ('ff20deba-af94-4ba8-b862-978711f714b2','In tempor, turpis nec euismod scelerisque, quam turpis adipiscing lorem, vitae mattis nibh ligula nec sem. Duis aliquam convallis nunc. Proin at turpis a pede posuere nonummy.','41be1347-7e98-43f3-ad54-491d6162ff2d','faf7f8fa-d42c-4515-a4b5-c1cab64fcd2b','{"img": "http://dummyimage.com/227x100.png/cc0000/ffffff","link": "http://dummyimage.com/206x100.png/ff4444/ffffff"}','2021-05-01 03:46:42','2021-10-26 20:02:32'),
    ('7185c975-5bfe-4b44-83b5-efed509a7b3f','Integer tincidunt ante vel ipsum. Praesent blandit lacinia erat. Vestibulum sed magna at nunc commodo placerat. Praesent blandit.','520d0dc7-1c64-452e-9605-2980a1bafa52','928366d7-ce9b-4ce1-891f-5b218fbc0d48','{"img": "http://dummyimage.com/227x100.png/cc0000/ffffff","link": "http://dummyimage.com/206x100.png/ff4444/ffffff"}','2022-01-11 00:05:36','2021-09-24 22:01:06'),
    ('1b4012f5-f603-441c-9bce-e2025ff8ccb7','Nullam orci pede, venenatis non, sodales sed, tincidunt eu, felis. Fusce posuere felis sed lacus. Morbi sem mauris, laoreet ut, rhoncus aliquet, pulvinar sed, nisl.','369415ad-a17e-4427-8997-189d80a7123a','23dff0ed-a3e4-4a55-b26c-64a39523577a','{"img": "http://dummyimage.com/227x100.png/cc0000/ffffff","link": "http://dummyimage.com/206x100.png/ff4444/ffffff"}','2021-04-24 12:21:34','2021-07-24 01:02:09'),
    ('40604d20-0e2d-488c-b582-9208c90ea3cd','Cum sociis natoque penatibus et magnis dis parturient montes, nascetur ridiculus mus. Vivamus vestibulum sagittis sapien.','690248a0-aed1-425d-8998-25f45054b799','60d97c37-79a2-470b-a3e3-c9089aa43161','{"img": "http://dummyimage.com/227x100.png/cc0000/ffffff","link": "http://dummyimage.com/206x100.png/ff4444/ffffff"}','2021-06-06 01:00:46','2021-08-26 15:31:42'),
    ('c7389b21-ea0c-4fec-86c5-d0b0d4e783b1','Nulla suscipit ligula in lacus. Curabitur at ipsum ac tellus semper interdum.','a1eb4102-13e6-4998-8707-fc3574e99a49','928366d7-ce9b-4ce1-891f-5b218fbc0d48','{"img": "http://dummyimage.com/227x100.png/cc0000/ffffff","link": "http://dummyimage.com/206x100.png/ff4444/ffffff"}','2022-03-05 04:45:59','2021-08-10 11:53:46'),
    ('bd2a575d-70be-4bc0-9a37-e7eccb114788','Morbi vel lectus in quam fringilla rhoncus. Mauris enim leo, rhoncus sed, vestibulum sit amet, cursus id, turpis.','ef662e65-cc8f-47df-8a32-2935deccc72a','2f029551-33a0-4e85-9b3c-d5db66257f6e','{"img": "http://dummyimage.com/227x100.png/cc0000/ffffff","link": "http://dummyimage.com/206x100.png/ff4444/ffffff"}','2021-03-24 20:37:00','2021-09-16 17:27:10'),
    ('1f5002aa-837a-4a02-8ae0-079cafeada90','Morbi a ipsum. Integer a nibh. In quis justo.','7437441f-0199-43c4-9c47-3651c1db4808','d6249e95-3cfd-4171-bd39-3d31b126f156','{"img": "http://dummyimage.com/227x100.png/cc0000/ffffff","link": "http://dummyimage.com/206x100.png/ff4444/ffffff"}','2021-06-24 10:13:10','2021-12-25 22:40:46'),
    ('b05df017-26ad-473b-8e52-4dee97754a23','Suspendisse potenti. Cras in purus eu magna vulputate luctus. Cum sociis natoque penatibus et magnis dis parturient montes, nascetur ridiculus mus. Vivamus vestibulum sagittis sapien. Cum sociis natoque penatibus et magnis dis parturient montes, nascetur ridiculus mus.','47a5bdc0-2366-46e8-bd3d-875f62f66219','da1a4777-85e5-47fc-ae75-853a7297c7e0','{"img": "http://dummyimage.com/227x100.png/cc0000/ffffff","link": "http://dummyimage.com/206x100.png/ff4444/ffffff"}','2022-02-02 09:17:55','2021-09-12 14:28:00'),
    ('94b42f35-d2c3-44f7-96b8-221aed555017','Nulla justo. Aliquam quis turpis eget elit sodales scelerisque. Mauris sit amet eros.','8a701acc-1c52-4f84-a3e9-454ae883cb48','9fc0c8f1-c4a0-40cb-9053-fa403b70ad18','{"img": "http://dummyimage.com/227x100.png/cc0000/ffffff","link": "http://dummyimage.com/206x100.png/ff4444/ffffff"}','2022-01-18 08:04:27','2021-08-26 23:05:32'),
    ('47674fe1-34c7-4c4e-9ee2-f9fbb469c94b','Fusce lacus purus, aliquet at, feugiat non, pretium quis, lectus. Suspendisse potenti.','5b46cd3a-c5db-42f2-a7bf-7e0fbe3e833f','d9b4bd53-ff65-4222-97c2-606ed80e000c','{"img": "http://dummyimage.com/227x100.png/cc0000/ffffff","link": "http://dummyimage.com/206x100.png/ff4444/ffffff"}','2021-10-16 02:24:21','2022-01-06 02:13:09'),
    ('2d4c9489-73f7-4d60-a515-2b6c2f1880f4','Integer non velit.','10df4eee-8fdf-4b10-9ce4-2a19013c8431','45a8bd45-80f5-41c8-a769-5ccc3ba06175','{"img": "http://dummyimage.com/227x100.png/cc0000/ffffff","link": "http://dummyimage.com/206x100.png/ff4444/ffffff"}','2021-03-22 12:13:10','2021-08-01 04:43:50'),
    ('4bd0b03c-045a-45c9-9d43-a1ee7c6811a1','Mauris sit amet eros. Suspendisse accumsan tortor quis turpis. Sed ante.','d636d3e7-5520-4012-9b13-b811b6af7e69','524ccc04-9114-46a2-9ad9-3066e3a795f9','{"img": "http://dummyimage.com/227x100.png/cc0000/ffffff","link": "http://dummyimage.com/206x100.png/ff4444/ffffff"}','2021-12-09 00:48:07','2021-07-28 10:54:18'),
    ('1d147d35-048d-4fa4-9321-f193b9070783','Fusce congue, diam id ornare imperdiet, sapien urna pretium nisl, ut volutpat sapien arcu sed augue.','7e006055-761e-4665-99fa-5e533490c2de','71df5ada-385b-4dfa-ac86-439e61a85718','{"img": "http://dummyimage.com/227x100.png/cc0000/ffffff","link": "http://dummyimage.com/206x100.png/ff4444/ffffff"}','2022-03-10 19:03:25','2021-06-25 16:07:50'),
    ('d0799eb2-261b-4457-b437-adced6eab0c0','Integer non velit. Donec diam neque, vestibulum eget, vulputate ut, ultrices vel, augue. Vestibulum ante ipsum primis in faucibus orci luctus et ultrices posuere cubilia Curae; Donec pharetra, magna vestibulum aliquet ultrices, erat tortor sollicitudin mi, sit amet lobortis sapien sapien non mi. Integer ac neque.','71945858-29c4-4d6b-a144-51c10d6921c9','d6249e95-3cfd-4171-bd39-3d31b126f156','{"img": "http://dummyimage.com/227x100.png/cc0000/ffffff","link": "http://dummyimage.com/206x100.png/ff4444/ffffff"}','2021-09-14 11:29:05','2021-05-14 19:27:32'),
    ('b300fff1-a0ea-4a96-bc98-40aaace170af','Cras pellentesque volutpat dui. Maecenas tristique, est et tempus semper, est quam pharetra magna, ac consequat metus sapien ut nunc. Vestibulum ante ipsum primis in faucibus orci luctus et ultrices posuere cubilia Curae; Mauris viverra diam vitae quam.','b5bd17f1-da77-4a8f-ad18-3af43b53c9cf','928366d7-ce9b-4ce1-891f-5b218fbc0d48','{"img": "http://dummyimage.com/227x100.png/cc0000/ffffff","link": "http://dummyimage.com/206x100.png/ff4444/ffffff"}','2021-12-21 04:06:55','2022-02-06 11:25:32'),
    ('ebe5eb36-bd39-4efe-8e87-1e6ac5ef9f1e','Nulla neque libero, convallis eget, eleifend luctus, ultricies eu, nibh. Quisque id justo sit amet sapien dignissim vestibulum. Vestibulum ante ipsum primis in faucibus orci luctus et ultrices posuere cubilia Curae; Nulla dapibus dolor vel est.','c6734475-592d-4128-b61d-33684fb4d506','41512f5c-658d-4319-9003-36362f0f5f7c','{"img": "http://dummyimage.com/227x100.png/cc0000/ffffff","link": "http://dummyimage.com/206x100.png/ff4444/ffffff"}','2021-07-09 17:07:54','2021-07-18 07:14:40'),
    ('36ac638f-8299-4e44-b377-edbffbc73d90','Nulla justo. Aliquam quis turpis eget elit sodales scelerisque. Mauris sit amet eros. Suspendisse accumsan tortor quis turpis.','532524c9-4ab6-455e-bb7e-f56bd043f66e','3fa3a722-7a10-429d-86a9-8af7a25d104d','{"img": "http://dummyimage.com/227x100.png/cc0000/ffffff","link": "http://dummyimage.com/206x100.png/ff4444/ffffff"}','2021-11-20 05:25:21','2021-10-29 05:52:55'),
    ('c742932c-f68d-4071-8d23-e90238921274','Maecenas tristique, est et tempus semper, est quam pharetra magna, ac consequat metus sapien ut nunc. Vestibulum ante ipsum primis in faucibus orci luctus et ultrices posuere cubilia Curae; Mauris viverra diam vitae quam. Suspendisse potenti. Nullam porttitor lacus at turpis. Donec posuere metus vitae ipsum.','41dfdd5d-161b-4ab8-a66c-3934f6b59cc5','699c04e6-c97f-44f7-b9c6-2c490ecbe9ef','{"img": "http://dummyimage.com/227x100.png/cc0000/ffffff","link": "http://dummyimage.com/206x100.png/ff4444/ffffff"}','2021-11-10 17:28:25','2021-07-05 17:00:47'),
    ('dc30df40-8d21-463a-ae49-f4dee95b30d2','Nulla justo. Aliquam quis turpis eget elit sodales scelerisque. Mauris sit amet eros. Suspendisse accumsan tortor quis turpis.','31331bed-ecf9-4494-a14b-b67c2af87885','a380ca19-cbeb-463b-9605-bf33acf0cf91','{"img": "http://dummyimage.com/227x100.png/cc0000/ffffff","link": "http://dummyimage.com/206x100.png/ff4444/ffffff"}','2021-04-01 02:39:28','2021-12-19 11:07:11'),
    ('a4ccf7ff-e06d-4aea-9c76-9b62b9eae0a9','Aliquam non mauris.','622c68ec-fba3-46ae-a7e1-5897d02c425b','991ce11a-bff3-4d28-ab40-fe0d3ec1e73b','{"img": "http://dummyimage.com/227x100.png/cc0000/ffffff","link": "http://dummyimage.com/206x100.png/ff4444/ffffff"}','2022-02-07 05:32:01','2021-04-26 09:23:17'),
    ('c67b5542-c428-4929-b5ca-2ec11153091c','Donec quis orci eget orci vehicula condimentum. Curabitur in libero ut massa volutpat convallis. Morbi odio odio, elementum eu, interdum eu, tincidunt in, leo. Maecenas pulvinar lobortis est.','d636d3e7-5520-4012-9b13-b811b6af7e69','a09ffd99-1fe7-4cf0-80a5-369990bee0d0','{"img": "http://dummyimage.com/227x100.png/cc0000/ffffff","link": "http://dummyimage.com/206x100.png/ff4444/ffffff"}','2021-10-15 04:59:32','2021-12-18 02:58:36'),
    ('17a1add6-9c9d-4069-b458-2f1666b73248','Cras mi pede, malesuada in, imperdiet et, commodo vulputate, justo.','54043817-3990-4b58-9c29-959b61bcdf1f','524ccc04-9114-46a2-9ad9-3066e3a795f9','{"img": "http://dummyimage.com/227x100.png/cc0000/ffffff","link": "http://dummyimage.com/206x100.png/ff4444/ffffff"}','2021-05-23 07:46:42','2022-02-09 05:53:50'),
    ('1b5ea555-6385-49de-b44e-7b1a66e49bd8','Duis aliquam convallis nunc. Proin at turpis a pede posuere nonummy.','c7492319-a77f-4f63-8671-1975cb88e52d','e3c2d8b0-5d38-46ff-bc26-45a6e936305f','{"img": "http://dummyimage.com/227x100.png/cc0000/ffffff","link": "http://dummyimage.com/206x100.png/ff4444/ffffff"}','2021-05-16 16:48:21','2021-08-19 04:40:43'),
    ('1a0c9a5b-3ee9-46cf-af6a-36efea702587','Maecenas rhoncus aliquam lacus. Morbi quis tortor id nulla ultrices aliquet.','520d0dc7-1c64-452e-9605-2980a1bafa52','60d97c37-79a2-470b-a3e3-c9089aa43161','{"img": "http://dummyimage.com/227x100.png/cc0000/ffffff","link": "http://dummyimage.com/206x100.png/ff4444/ffffff"}','2021-11-22 23:33:44','2021-05-12 05:56:53'),
    ('dfe68e75-cf25-4e90-bcb1-5af90ed65199','Aliquam erat volutpat. In congue. Etiam justo.','47a5bdc0-2366-46e8-bd3d-875f62f66219','faf7f8fa-d42c-4515-a4b5-c1cab64fcd2b','{"img": "http://dummyimage.com/227x100.png/cc0000/ffffff","link": "http://dummyimage.com/206x100.png/ff4444/ffffff"}','2021-09-13 20:20:15','2021-11-19 04:02:29'),
    ('40455245-0799-4c76-b0a1-5b89fa2f2e43','Vestibulum ante ipsum primis in faucibus orci luctus et ultrices posuere cubilia Curae; Mauris viverra diam vitae quam. Suspendisse potenti.','a3cdb634-3594-4968-a455-bd7ad2fe0cec','3b6f358d-19db-4feb-adc9-c79cb7a4aeb8','{"img": "http://dummyimage.com/227x100.png/cc0000/ffffff","link": "http://dummyimage.com/206x100.png/ff4444/ffffff"}','2021-08-26 00:47:08','2021-09-04 02:54:12'),
    ('5daadca7-ef32-4a78-b197-2cba37f9f9cb','Proin risus. Praesent lectus. Vestibulum quam sapien, varius ut, blandit non, interdum in, ante. Vestibulum ante ipsum primis in faucibus orci luctus et ultrices posuere cubilia Curae; Duis faucibus accumsan odio.','a3cdb634-3594-4968-a455-bd7ad2fe0cec','dc417a73-5d80-48bf-9bab-c1f192cfdfad','{"img": "http://dummyimage.com/227x100.png/cc0000/ffffff","link": "http://dummyimage.com/206x100.png/ff4444/ffffff"}','2021-06-11 18:58:08','2021-05-24 11:32:06'),
    ('e623a145-00d2-4402-8c0d-8d912a07af65','Pellentesque eget nunc. Donec quis orci eget orci vehicula condimentum. Curabitur in libero ut massa volutpat convallis.','f5d11cf9-b481-409b-8ef6-45c544a7f0ee','7c576af2-9eb8-4dd8-91df-93f032bf902d','{"img": "http://dummyimage.com/227x100.png/cc0000/ffffff","link": "http://dummyimage.com/206x100.png/ff4444/ffffff"}','2022-02-21 06:34:03','2021-06-15 07:04:15'),
    ('01fcbd6c-69d3-4e26-951e-fab9138b6a76','In est risus, auctor sed, tristique in, tempus sit amet, sem. Fusce consequat.','2327b435-4c6b-4ee0-968f-b86e305fb7d0','3fa3a722-7a10-429d-86a9-8af7a25d104d','{"img": "http://dummyimage.com/227x100.png/cc0000/ffffff","link": "http://dummyimage.com/206x100.png/ff4444/ffffff"}','2021-08-02 11:36:16','2021-12-31 04:19:40'),
    ('6e4348bb-c023-4061-9dcf-2b0cad542121','Praesent lectus. Vestibulum quam sapien, varius ut, blandit non, interdum in, ante. Vestibulum ante ipsum primis in faucibus orci luctus et ultrices posuere cubilia Curae; Duis faucibus accumsan odio. Curabitur convallis.','b6de1607-d40f-4696-a419-5f4eea2f34b0','991ce11a-bff3-4d28-ab40-fe0d3ec1e73b','{"img": "http://dummyimage.com/227x100.png/cc0000/ffffff","link": "http://dummyimage.com/206x100.png/ff4444/ffffff"}','2022-01-06 15:59:21','2021-09-10 17:44:05'),
    ('60b641ba-07eb-401a-9af8-177dd9c3a114','Suspendisse potenti.','d636d3e7-5520-4012-9b13-b811b6af7e69','af7e8965-2e26-4b53-8e62-4dbc01de5528','{"img": "http://dummyimage.com/227x100.png/cc0000/ffffff","link": "http://dummyimage.com/206x100.png/ff4444/ffffff"}','2021-07-25 09:33:07','2021-08-05 14:07:45'),
    ('b560a7ed-3b65-4b50-a9fc-2bb64d1f0be8','Proin risus. Praesent lectus. Vestibulum quam sapien, varius ut, blandit non, interdum in, ante. Vestibulum ante ipsum primis in faucibus orci luctus et ultrices posuere cubilia Curae; Duis faucibus accumsan odio.','3ee1c233-8886-42ba-a7f9-0d6dc9fa72cd','6a1bc5ee-8a64-423a-b1a8-a3f56700377b','{"img": "http://dummyimage.com/227x100.png/cc0000/ffffff","link": "http://dummyimage.com/206x100.png/ff4444/ffffff"}','2021-09-11 07:01:40','2021-10-29 04:51:13'),
    ('5be1457d-fc4f-4c8a-9a8c-3ae035376981','Nunc rhoncus dui vel sem. Sed sagittis.','e4465bc4-b1ba-4a3f-918b-051734c938f9','fb92f199-17a9-402e-91be-df1c5e1c46d6','{"img": "http://dummyimage.com/227x100.png/cc0000/ffffff","link": "http://dummyimage.com/206x100.png/ff4444/ffffff"}','2021-05-09 17:01:53','2021-10-29 21:39:27'),
    ('5c5f8bb4-96ee-45ef-87cf-42ae9fd6484b','Maecenas rhoncus aliquam lacus. Morbi quis tortor id nulla ultrices aliquet. Maecenas leo odio, condimentum id, luctus nec, molestie sed, justo. Pellentesque viverra pede ac diam.','3ee1c233-8886-42ba-a7f9-0d6dc9fa72cd','699c04e6-c97f-44f7-b9c6-2c490ecbe9ef','{"img": "http://dummyimage.com/227x100.png/cc0000/ffffff","link": "http://dummyimage.com/206x100.png/ff4444/ffffff"}','2021-05-18 10:44:56','2022-02-25 18:44:04'),
    ('f7813939-4eca-4e8b-b8db-8242d8165ccf','Vivamus metus arcu, adipiscing molestie, hendrerit at, vulputate vitae, nisl. Aenean lectus.','bd5825ee-c530-4173-8174-6b45cfb94c8c','af7e8965-2e26-4b53-8e62-4dbc01de5528','{"img": "http://dummyimage.com/227x100.png/cc0000/ffffff","link": "http://dummyimage.com/206x100.png/ff4444/ffffff"}','2021-05-23 04:57:52','2022-02-06 14:03:22'),
    ('a435b6fb-60cc-4c48-8e80-aed774763cb9','Maecenas pulvinar lobortis est. Phasellus sit amet erat. Nulla tempus. Vivamus in felis eu sapien cursus vestibulum.','a8878807-0098-421b-8a70-3a7bd84ffcd8','71df5ada-385b-4dfa-ac86-439e61a85718','{"img": "http://dummyimage.com/227x100.png/cc0000/ffffff","link": "http://dummyimage.com/206x100.png/ff4444/ffffff"}','2021-12-30 05:26:12','2022-01-28 09:46:58'),
    ('113c2eb7-e3ef-4f93-b4e0-d67885a66147','Duis mattis egestas metus.','3d1813ca-c6ca-4847-a32c-71e3ec4a42a4','5990b1cf-286a-4b39-848d-d409a3c54f23','{"img": "http://dummyimage.com/227x100.png/cc0000/ffffff","link": "http://dummyimage.com/206x100.png/ff4444/ffffff"}','2021-11-23 18:25:23','2021-09-08 05:52:09'),
    ('babc54b3-541e-47a0-aa91-d662b237c619','Fusce consequat. Nulla nisl. Nunc nisl. Duis bibendum, felis sed interdum venenatis, turpis enim blandit mi, in porttitor pede justo eu massa. Donec dapibus.','5ac18dce-f34e-48d9-8aa2-66b25cedefe8','5990b1cf-286a-4b39-848d-d409a3c54f23','{"img": "http://dummyimage.com/227x100.png/cc0000/ffffff","link": "http://dummyimage.com/206x100.png/ff4444/ffffff"}','2022-01-28 20:38:10','2021-08-24 20:15:07'),
    ('0bc59187-c48d-4338-a6e5-1bf9498d1945','Morbi quis tortor id nulla ultrices aliquet. Maecenas leo odio, condimentum id, luctus nec, molestie sed, justo.','6fa5d4e5-1e4d-464e-9122-8407c25141a6','de6425c5-5a97-42d5-83dd-4df05710a7c4','{"img": "http://dummyimage.com/227x100.png/cc0000/ffffff","link": "http://dummyimage.com/206x100.png/ff4444/ffffff"}','2021-05-06 19:40:58','2022-03-10 04:48:35'),
    ('ab3fd64e-0ab8-48f9-8fae-7e8c2dad48b1','Quisque id justo sit amet sapien dignissim vestibulum. Vestibulum ante ipsum primis in faucibus orci luctus et ultrices posuere cubilia Curae; Nulla dapibus dolor vel est. Donec odio justo, sollicitudin ut, suscipit a, feugiat et, eros. Vestibulum ac est lacinia nisi venenatis tristique. Fusce congue, diam id ornare imperdiet, sapien urna pretium nisl, ut volutpat sapien arcu sed augue.','fa051b96-718f-4652-8864-fcf0f9d7e256','45a8bd45-80f5-41c8-a769-5ccc3ba06175','{"img": "http://dummyimage.com/227x100.png/cc0000/ffffff","link": "http://dummyimage.com/206x100.png/ff4444/ffffff"}','2021-03-26 07:44:42','2021-05-05 16:19:44'),
    ('30046a62-a203-4e20-a2b4-61a22fe38722','Nulla nisl. Nunc nisl.','e9d9b61a-3104-48b3-a202-2fcc9c20558f','46f4ab56-7012-4e31-b431-547e15e1fab3','{"img": "http://dummyimage.com/227x100.png/cc0000/ffffff","link": "http://dummyimage.com/206x100.png/ff4444/ffffff"}','2022-02-06 10:19:04','2021-04-19 11:25:32'),
    ('b596bca2-8a73-4096-8a45-deacb46ddd35','Vivamus metus arcu, adipiscing molestie, hendrerit at, vulputate vitae, nisl. Aenean lectus. Pellentesque eget nunc. Donec quis orci eget orci vehicula condimentum.','e0acffb2-f521-459f-8958-e6a7f7b92b00','9a3f6f19-3f79-4079-ae09-807e813857fa','{"img": "http://dummyimage.com/227x100.png/cc0000/ffffff","link": "http://dummyimage.com/206x100.png/ff4444/ffffff"}','2022-02-23 18:00:38','2021-05-21 12:51:51'),
    ('6dc41509-3181-40cd-8ee9-e427badd5771','Praesent blandit. Nam nulla. Integer pede justo, lacinia eget, tincidunt eget, tempus vel, pede. Morbi porttitor lorem id ligula. Suspendisse ornare consequat lectus.','f6b4d39b-5d7a-43ef-9220-ca5491a77bef','188471da-b6ae-4d4f-961a-9911889944ac','{"img": "http://dummyimage.com/227x100.png/cc0000/ffffff","link": "http://dummyimage.com/206x100.png/ff4444/ffffff"}','2021-11-21 20:47:48','2022-01-30 16:40:47'),
    ('6329c67e-b7b3-448a-a195-4679fe94cc4b','Nulla mollis molestie lorem. Quisque ut erat. Curabitur gravida nisi at nibh. In hac habitasse platea dictumst. Aliquam augue quam, sollicitudin vitae, consectetuer eget, rutrum at, lorem.','ca79aca9-2110-4ef7-9f7a-f5e7cbe127f5','f7a1c02b-3744-4199-acf3-aac72582bc6f','{"img": "http://dummyimage.com/227x100.png/cc0000/ffffff","link": "http://dummyimage.com/206x100.png/ff4444/ffffff"}','2021-08-08 13:17:26','2021-08-23 13:47:07'),
    ('09b56acc-7427-46ab-9f22-128906384b28','Duis mattis egestas metus. Aenean fermentum. Donec ut mauris eget massa tempor convallis.','ff3d0a69-5271-4c7f-a422-960147c33984','5990b1cf-286a-4b39-848d-d409a3c54f23','{"img": "http://dummyimage.com/227x100.png/cc0000/ffffff","link": "http://dummyimage.com/206x100.png/ff4444/ffffff"}','2021-11-07 01:21:34','2022-02-15 05:30:30'),
    ('e2917bbd-b793-4af3-b79b-773a58bc9e09','Pellentesque ultrices mattis odio. Donec vitae nisi. Nam ultrices, libero non mattis pulvinar, nulla pede ullamcorper augue, a suscipit nulla elit ac nulla.','d80943e9-4f56-4a82-88de-64f755623edf','21867d92-39e2-4cc5-9e9b-193630f28f19','{"img": "http://dummyimage.com/227x100.png/cc0000/ffffff","link": "http://dummyimage.com/206x100.png/ff4444/ffffff"}','2022-02-03 18:57:55','2022-01-29 01:32:06'),
    ('eb80b2ce-2d6c-4cf7-afca-d3c5e856afb4','Donec ut mauris eget massa tempor convallis.','47c9df4b-0491-419a-b0f1-bb2ebb1e5e63','26414b6b-72c2-4e99-b5b8-e98991904151','{"img": "http://dummyimage.com/227x100.png/cc0000/ffffff","link": "http://dummyimage.com/206x100.png/ff4444/ffffff"}','2021-05-18 01:09:18','2021-11-22 15:57:12'),
    ('6cbbc804-741f-40c9-b632-b4e76458ce56','Phasellus sit amet erat.','9340c52c-2e7e-4237-b77b-747fbc26480f','2f029551-33a0-4e85-9b3c-d5db66257f6e','{"img": "http://dummyimage.com/227x100.png/cc0000/ffffff","link": "http://dummyimage.com/206x100.png/ff4444/ffffff"}','2021-07-19 08:32:15','2021-12-02 14:27:14'),
    ('36cf31ac-4dea-499d-ab9e-13d12b7236e8','Nam congue, risus semper porta volutpat, quam pede lobortis ligula, sit amet eleifend pede libero quis orci. Nullam molestie nibh in lectus.','3bfbaf30-a698-43d7-983d-c8d69d9e5f1f','7c576af2-9eb8-4dd8-91df-93f032bf902d','{"img": "http://dummyimage.com/227x100.png/cc0000/ffffff","link": "http://dummyimage.com/206x100.png/ff4444/ffffff"}','2021-07-15 11:08:53','2021-12-14 00:24:25'),
    ('55b7280f-2c1b-44e2-a8f8-719f8df0efc6','Morbi non quam nec dui luctus rutrum.','d8861f57-bc16-4365-bc65-4fe3673c59b6','dc417a73-5d80-48bf-9bab-c1f192cfdfad','{"img": "http://dummyimage.com/227x100.png/cc0000/ffffff","link": "http://dummyimage.com/206x100.png/ff4444/ffffff"}','2022-02-02 06:00:53','2021-05-25 08:48:23');


